time,eM,solarpowtoM,gridpowtom,powerCM,powerDM
0,1000.0,0.0,0.0,0.0,0.0
1,1000.0,0.0,0.0,0.0,0.0
2,1000.0,0.0,0.0,0.0,0.0
3,1000.0,0.0,0.0,0.0,0.0
4,1000.0,0.0,0.0,0.0,0.0
5,1000.0,0.0,0.0,0.0,0.0
6,1000.0,0.0,0.0,0.0,0.0
7,1000.0,0.0,0.0,0.0,0.0
8,1000.0,0.0,0.0,0.0,0.0
9,1000.0,0.0,0.0,0.0,0.0
10,1000.0,0.0,0.0,0.0,0.0
11,1000.0,0.0,0.0,0.0,0.0
12,1000.0,0.0,0.0,0.0,0.0
13,1000.0,0.0,0.0,0.0,0.0
14,1000.0,0.0,0.0,0.0,0.0
15,1000.0,0.0,0.0,0.0,0.0
16,1000.0,0.0,0.0,0.0,0.0
17,1000.0,0.0,0.0,0.0,0.0
18,1000.0,0.0,0.0,0.0,0.0
19,1000.0,0.0,0.0,0.0,0.0
20,1000.0,0.0,0.0,0.0,0.0
21,1000.0,0.0,0.0,0.0,0.0
22,1000.0,0.0,0.0,0.0,0.0
23,1000.0,0.0,0.0,0.0,0.0
24,1000.0,0.0,0.0,0.0,0.0
25,1000.0,0.0,0.0,0.0,0.0
26,1000.0,0.0,0.0,0.0,0.0
27,1000.0,0.0,0.0,0.0,0.0
28,1000.0,0.0,0.0,0.0,25.142000950476493
29,993.0161108470899,0.0,0.0,0.0,0.0
30,993.0161108470899,0.0,0.0,0.0,8.687844305695151
31,990.6028207621746,0.0,0.0,0.0,8.687844305695151
32,988.1895306772593,0.0,0.0,0.0,0.0
33,988.1895306772593,0.0,0.0,0.0,0.0
34,988.1895306772593,0.0,0.0,0.0,0.0
35,988.1895306772593,0.0,0.0,0.0,0.0
36,988.1895306772593,0.0,0.0,0.0,0.0
37,988.1895306772593,0.0,0.0,0.0,0.0
38,988.1895306772593,0.0,0.0,0.0,0.0
39,988.1895306772593,0.0,0.0,0.0,0.0
40,988.1895306772593,0.0,0.0,0.0,0.0
41,988.1895306772593,0.0,0.0,0.0,0.0
42,988.1895306772593,0.0,0.0,0.0,0.0
43,988.1895306772593,0.0,0.0,0.0,0.0
44,988.1895306772593,0.0,0.0,0.0,0.0
45,988.1895306772593,0.0,0.0,0.0,0.0
46,988.1895306772593,4.9838564201581335,0.0,4.9838564201581335,0.0
47,989.3108983717949,4.9838564201581335,0.0,4.9838564201581335,0.0
48,990.4322660663305,9.49877515753596,0.0,9.49877515753596,0.0
49,992.5694904767761,9.49877515753596,0.0,9.49877515753596,0.0
50,994.7067148872217,9.08987927925267,0.0,9.08987927925267,0.0
51,996.7519377250535,9.08987927925267,0.0,9.08987927925267,0.0
52,998.7971605628853,2.6729765269064956,0.0,2.6729765269064956,0.0
53,999.3985802814393,2.6729765269064956,0.0,2.6729765269064956,0.0
54,999.9999999999933,0.0,0.0,0.0,0.0
55,999.9999999999933,0.0,0.0,0.0,0.0
56,999.9999999999933,0.0,0.0,0.0,0.0
57,999.9999999999933,0.0,0.0,0.0,0.0
58,999.9999999999933,0.0,0.0,0.0,0.0
59,999.9999999999933,0.0,0.0,0.0,0.0
60,999.9999999999933,0.0,0.0,0.0,0.0
61,999.9999999999933,0.0,0.0,0.0,0.0
62,999.9999999999933,0.0,0.0,0.0,0.0
63,999.9999999999933,0.0,0.0,0.0,0.0
64,999.9999999999933,0.0,0.0,0.0,0.0
65,999.9999999999933,0.0,0.0,0.0,0.0
66,999.9999999999933,0.0,0.0,0.0,0.0
67,999.9999999999933,0.0,0.0,0.0,0.0
68,999.9999999999933,0.0,0.0,0.0,0.0
69,999.9999999999933,1.8189894035458565e-11,0.0,1.8189894035458565e-11,0.0
70,999.9999999999974,0.0,0.0,0.0,0.0
71,999.9999999999974,0.0,0.0,0.0,0.0
72,999.9999999999974,0.0,0.0,0.0,0.0
73,999.9999999999974,0.0,0.0,0.0,0.0
74,1000.0,0.0,0.0,0.0,0.0
75,1000.0,0.0,0.0,0.0,0.0
76,1000.0,0.0,0.0,0.0,0.0
77,1000.0,0.0,0.0,0.0,0.0
78,1000.0,0.0,0.0,0.0,0.0
79,1000.0,0.0,0.0,0.0,0.0
80,1000.0,0.0,0.0,0.0,0.0
81,1000.0,0.0,0.0,0.0,0.0
82,1000.0,0.0,0.0,0.0,0.0
83,1000.0,0.0,0.0,0.0,0.0
84,1000.0,0.0,0.0,0.0,0.0
85,1000.0,0.0,0.0,0.0,0.0
86,1000.0,0.0,0.0,0.0,0.0
87,1000.0,0.0,0.0,0.0,0.0
88,1000.0,0.0,0.0,0.0,0.0
89,1000.0,0.0,0.0,0.0,0.0
90,1000.0,0.0,0.0,0.0,0.0
91,1000.0,0.0,0.0,0.0,0.0
92,1000.0,0.0,0.0,0.0,0.0
93,1000.0,0.0,0.0,0.0,0.0
94,1000.0,0.0,0.0,0.0,0.0
95,1000.0,0.0,0.0,0.0,0.0
96,1000.0,0.0,0.0,0.0,0.0
97,1000.0,0.0,0.0,0.0,0.0
98,1000.0,0.0,0.0,0.0,0.0
99,1000.0,0.0,0.0,0.0,0.0
100,1000.0,0.0,0.0,0.0,0.0
101,1000.0,0.0,0.0,0.0,0.0
102,1000.0,0.0,0.0,0.0,0.0
103,1000.0,0.0,0.0,0.0,0.0
104,1000.0,0.0,0.0,0.0,0.0
105,1000.0,0.0,0.0,0.0,0.0
106,1000.0,0.0,0.0,0.0,0.0
107,1000.0,0.0,0.0,0.0,17.898966299159973
108,995.0280649169,0.0,0.0,0.0,75.0
109,974.1947315835666,0.0,0.0,0.0,0.0
110,974.1947315835666,0.0,0.0,0.0,0.0
111,974.1947315835666,0.0,0.0,0.0,0.0
112,974.1947315835666,0.0,0.0,0.0,0.0
113,974.1947315835666,0.0,0.0,0.0,0.0
114,974.1947315835666,0.0,0.0,0.0,0.0
115,974.1947315835666,0.0,0.0,0.0,0.0
116,974.1947315835666,0.0,0.0,0.0,0.0
117,974.1947315835666,0.0,0.0,0.0,0.0
118,974.1947315835666,0.0,0.0,0.0,0.0
119,974.1947315835666,0.0,0.0,0.0,0.0
120,974.1947315835666,0.0,0.0,0.0,0.0
121,974.1947315835666,0.0,0.0,0.0,0.0
122,974.1947315835666,0.0,0.0,0.0,0.0
123,974.1947315835666,0.0,0.0,0.0,0.0
124,974.1947315835666,0.0,0.0,0.0,0.0
125,974.1947315835666,0.0,0.0,0.0,0.0
126,974.1947315835666,0.0,0.0,0.0,0.0
127,974.1947315835666,0.0,0.0,0.0,0.0
128,974.1947315835666,0.0,0.0,0.0,0.0
129,974.1947315835666,0.0,0.0,0.0,0.0
130,974.1947315835666,0.0,0.0,0.0,0.0
131,974.1947315835666,0.0,0.0,0.0,0.0
132,974.1947315835666,0.0,0.0,0.0,0.0
133,974.1947315835666,0.0,0.0,0.0,0.0
134,974.1947315835666,0.0,0.0,0.0,0.0
135,974.1947315835666,0.0,0.0,0.0,0.0
136,974.1947315835666,0.0,0.0,0.0,0.0
137,974.1947315835666,0.0,0.0,0.0,0.0
138,974.1947315835666,0.0,0.0,0.0,0.0
139,974.1947315835666,0.0,0.0,0.0,0.0
140,974.1947315835666,0.0,0.0,0.0,0.0
141,974.1947315835666,0.0,0.0,0.0,0.0
142,974.1947315835666,2.4793380485568832,0.0,2.4793380485568832,0.0
143,974.7525826444919,2.4793380485568832,0.0,2.4793380485568832,0.0
144,975.3104337054172,6.744486489493198,0.0,6.744486489493198,0.0
145,976.8279431655532,6.744486489493198,0.0,6.744486489493198,0.0
146,978.3454526256892,6.573423607596737,0.0,6.573423607596737,0.0
147,979.8244729373985,6.573423607596737,0.0,6.573423607596737,0.0
148,981.3034932491078,2.851997280247957,0.0,2.851997280247957,0.0
149,981.9451926371636,2.851997280247957,0.0,2.851997280247957,0.0
150,982.5868920252194,0.0,0.0,0.0,0.0
151,982.5868920252194,0.0,0.0,0.0,0.0
152,982.5868920252194,0.0,0.0,0.0,0.0
153,982.5868920252194,0.0,0.0,0.0,0.0
154,982.5868920252194,0.0,0.0,0.0,0.0
155,982.5868920252194,0.0,0.0,0.0,0.0
156,982.5868920252194,0.0,0.0,0.0,0.0
157,982.5868920252194,0.0,0.0,0.0,0.0
158,982.5868920252194,0.0,0.0,0.0,0.0
159,982.5868920252194,0.0,0.0,0.0,0.0
160,982.5868920252194,0.0,0.0,0.0,0.0
161,982.5868920252194,0.0,0.0,0.0,0.0
162,982.5868920252194,0.0,0.0,0.0,0.0
163,982.5868920252194,0.0,0.0,0.0,0.0
164,982.5868920252194,0.0,0.0,0.0,0.0
165,982.5868920252194,0.0,0.0,0.0,0.0
166,982.5868920252194,0.0,0.0,0.0,0.0
167,982.5868920252194,0.0,0.0,0.0,0.0
168,982.5868920252194,0.0,0.0,0.0,0.0
169,982.5868920252194,0.0,0.0,0.0,0.0
170,982.5868920252194,0.0,0.0,0.0,0.0
171,982.5868920252194,0.0,0.0,0.0,0.0
172,982.5868920252194,0.0,0.0,0.0,0.0
173,982.5868920252194,0.0,0.0,0.0,0.0
174,982.5868920252194,0.0,0.0,0.0,0.0
175,982.5868920252194,0.0,0.0,0.0,0.0
176,982.5868920252194,0.0,0.0,0.0,0.0
177,982.5868920252194,0.0,0.0,0.0,0.0
178,982.5868920252194,0.0,0.0,0.0,0.0
179,982.5868920252194,0.0,0.0,0.0,0.0
180,982.5868920252194,0.0,0.0,0.0,0.0
181,982.5868920252194,0.0,0.0,0.0,0.0
182,982.5868920252194,0.0,0.0,0.0,0.0
183,982.5868920252194,0.0,0.0,0.0,0.0
184,982.5868920252194,0.0,0.0,0.0,0.0
185,982.5868920252194,0.0,0.0,0.0,0.0
186,982.5868920252194,0.0,0.0,0.0,0.0
187,982.5868920252194,0.0,0.0,0.0,0.0
188,982.5868920252194,0.0,0.0,0.0,0.0
189,982.5868920252194,0.0,0.0,0.0,0.0
190,982.5868920252194,0.0,0.0,0.0,0.0
191,982.5868920252194,0.0,0.0,0.0,0.0
192,982.5868920252194,0.0,0.0,0.0,0.0
193,982.5868920252194,0.0,0.0,0.0,0.0
194,982.5868920252194,0.0,0.0,0.0,0.0
195,982.5868920252194,0.0,0.0,0.0,0.0
196,982.5868920252194,0.0,0.0,0.0,0.0
197,982.5868920252194,0.0,0.0,0.0,0.0
198,982.5868920252194,0.0,0.0,0.0,0.0
199,982.5868920252194,0.0,0.0,0.0,0.0
200,982.5868920252194,0.0,0.0,0.0,0.0
201,982.5868920252194,0.0,0.0,0.0,0.0
202,982.5868920252194,0.0,0.0,0.0,0.0
203,982.5868920252194,0.0,0.0,0.0,0.0
204,982.5868920252194,0.0,0.0,0.0,0.0
205,982.5868920252194,0.0,0.0,0.0,0.0
206,982.5868920252194,0.0,0.0,0.0,0.0
207,982.5868920252194,0.0,0.0,0.0,0.0
208,982.5868920252194,0.0,0.0,0.0,0.0
209,982.5868920252194,0.0,0.0,0.0,0.0
210,982.5868920252194,0.0,0.0,0.0,0.0
211,982.5868920252194,0.0,0.0,0.0,0.0
212,982.5868920252194,0.0,0.0,0.0,0.0
213,982.5868920252194,0.0,0.0,0.0,0.0
214,982.5868920252194,0.0,0.0,0.0,0.0
215,982.5868920252194,0.0,0.0,0.0,0.0
216,982.5868920252194,0.0,0.0,0.0,0.0
217,982.5868920252194,0.0,0.0,0.0,0.0
218,982.5868920252194,0.0,0.0,0.0,0.0
219,982.5868920252194,0.0,0.0,0.0,0.0
220,982.5868920252194,0.0,0.0,0.0,0.0
221,982.5868920252194,0.0,0.0,0.0,0.0
222,982.5868920252194,0.0,0.0,0.0,0.0
223,982.5868920252194,0.0,0.0,0.0,0.0
224,982.5868920252194,0.0,0.0,0.0,0.0
225,982.5868920252194,0.0,0.0,0.0,0.0
226,982.5868920252194,0.0,0.0,0.0,0.0
227,982.5868920252194,0.0,0.0,0.0,0.0
228,982.5868920252194,0.0,0.0,0.0,0.0
229,982.5868920252194,0.0,0.0,0.0,0.0
230,982.5868920252194,0.0,0.0,0.0,0.0
231,982.5868920252194,0.0,0.0,0.0,0.0
232,982.5868920252194,0.0,0.0,0.0,0.0
233,982.5868920252194,0.0,0.0,0.0,0.0
234,982.5868920252194,0.0,0.0,0.0,0.0
235,982.5868920252194,0.0,0.0,0.0,0.0
236,982.5868920252194,0.0,0.0,0.0,0.0
237,982.5868920252194,0.0,0.0,0.0,0.0
238,982.5868920252194,1.5242890623782444,0.0,1.5242890623782444,0.0
239,982.9298570642545,1.5242890623782444,0.0,1.5242890623782444,0.0
240,983.2728221032896,6.011504360764263,0.0,6.011504360764263,0.0
241,984.6254105844616,6.011504360764263,0.0,6.011504360764263,0.0
242,985.9779990656336,5.851423180669656,0.0,5.851423180669656,0.0
243,987.2945692812843,5.851423180669656,0.0,5.851423180669656,0.0
244,988.611139496935,0.166499706978243,0.0,0.166499706978243,0.0
245,988.6486019310051,0.166499706978243,0.0,0.166499706978243,0.0
246,988.6860643650753,0.0,0.0,0.0,0.0
247,988.6860643650753,0.0,0.0,0.0,0.0
248,988.6860643650753,0.0,0.0,0.0,0.0
249,988.6860643650753,0.0,0.0,0.0,0.0
250,988.6860643650753,0.0,0.0,0.0,0.0
251,988.6860643650753,0.0,0.0,0.0,0.0
252,988.6860643650753,0.0,0.0,0.0,0.0
253,988.6860643650753,0.0,0.0,0.0,0.0
254,988.6860643650753,0.0,0.0,0.0,0.0
255,988.6860643650753,0.0,0.0,0.0,0.0
256,988.6860643650753,0.0,0.0,0.0,0.0
257,988.6860643650753,0.0,0.0,0.0,0.0
258,988.6860643650753,0.0,0.0,0.0,0.0
259,988.6860643650753,0.0,0.0,0.0,0.0
260,988.6860643650753,0.0,0.0,0.0,0.0
261,988.6860643650753,0.0,0.0,0.0,0.0
262,988.6860643650753,0.0,0.0,0.0,0.0
263,988.6860643650753,0.0,0.0,0.0,0.0
264,988.6860643650753,0.0,0.0,0.0,0.0
265,988.6860643650753,0.0,0.0,0.0,0.0
266,988.6860643650753,0.0,0.0,0.0,0.0
267,988.6860643650753,0.0,0.0,0.0,0.0
268,988.6860643650753,0.0,0.0,0.0,0.0
269,988.6860643650753,0.0,0.0,0.0,0.0
270,988.6860643650753,0.0,0.0,0.0,0.0
271,988.6860643650753,0.0,0.0,0.0,0.0
272,988.6860643650753,0.0,0.0,0.0,0.0
273,988.6860643650753,0.0,0.0,0.0,0.0
274,988.6860643650753,0.0,0.0,0.0,0.0
275,988.6860643650753,0.0,0.0,0.0,0.0
276,988.6860643650753,0.0,0.0,0.0,0.0
277,988.6860643650753,0.0,0.0,0.0,0.0
278,988.6860643650753,0.0,0.0,0.0,0.0
279,988.6860643650753,0.0,0.0,0.0,0.0
280,988.6860643650753,0.0,0.0,0.0,0.0
281,988.6860643650753,0.0,0.0,0.0,0.0
282,988.6860643650753,0.0,0.0,0.0,0.0
283,988.6860643650753,0.0,0.0,0.0,0.0
284,988.6860643650753,0.0,0.0,0.0,0.0
285,988.6860643650753,0.0,0.0,0.0,0.0
286,988.6860643650753,0.0,0.0,0.0,0.0
287,988.6860643650753,0.0,0.0,0.0,0.0
288,988.6860643650753,0.0,0.0,0.0,0.0
289,988.6860643650753,0.0,0.0,0.0,0.0
290,988.6860643650753,0.0,0.0,0.0,0.0
291,988.6860643650753,0.0,0.0,0.0,0.0
292,988.6860643650753,0.0,0.0,0.0,0.0
293,988.6860643650753,0.0,0.0,0.0,0.0
294,988.6860643650753,0.0,0.0,0.0,0.0
295,988.6860643650753,0.0,0.0,0.0,0.0
296,988.6860643650753,0.0,0.0,0.0,0.0
297,988.6860643650753,0.0,0.0,0.0,0.0
298,988.6860643650753,0.0,0.0,0.0,0.0
299,988.6860643650753,0.0,0.0,0.0,0.0
300,988.6860643650753,0.0,0.0,0.0,0.0
301,988.6860643650753,0.0,0.0,0.0,0.0
302,988.6860643650753,0.0,0.0,0.0,0.0
303,988.6860643650753,0.0,0.0,0.0,0.0
304,988.6860643650753,0.0,0.0,0.0,0.0
305,988.6860643650753,0.0,0.0,0.0,0.0
306,988.6860643650753,0.0,0.0,0.0,0.0
307,988.6860643650753,0.0,0.0,0.0,0.0
308,988.6860643650753,0.0,0.0,0.0,0.0
309,988.6860643650753,0.0,0.0,0.0,0.0
310,988.6860643650753,0.0,0.0,0.0,0.0
311,988.6860643650753,0.0,0.0,0.0,0.0
312,988.6860643650753,0.0,0.0,0.0,0.0
313,988.6860643650753,0.0,0.0,0.0,0.0
314,988.6860643650753,0.0,0.0,0.0,0.0
315,988.6860643650753,0.0,0.0,0.0,0.0
316,988.6860643650753,0.0,0.0,0.0,0.0
317,988.6860643650753,0.0,0.0,0.0,0.0
318,988.6860643650753,0.0,0.0,0.0,0.0
319,988.6860643650753,0.0,0.0,0.0,0.0
320,988.6860643650753,0.0,0.0,0.0,0.0
321,988.6860643650753,0.0,0.0,0.0,0.0
322,988.6860643650753,0.0,0.0,0.0,0.0
323,988.6860643650753,0.0,0.0,0.0,0.0
324,988.6860643650753,0.0,0.0,0.0,0.0
325,988.6860643650753,0.0,0.0,0.0,0.0
326,988.6860643650753,0.0,0.0,0.0,0.0
327,988.6860643650753,0.0,0.0,0.0,0.0
328,988.6860643650753,0.0,0.0,0.0,0.0
329,988.6860643650753,0.0,0.0,0.0,0.0
330,988.6860643650753,0.0,0.0,0.0,0.0
331,988.6860643650753,0.0,0.0,0.0,0.0
332,988.6860643650753,0.0,0.0,0.0,0.0
333,988.6860643650753,0.0,0.0,0.0,0.0
334,988.6860643650753,4.111799324467114,0.0,4.111799324467114,0.0
335,989.6112192130804,4.111799324467114,0.0,4.111799324467114,0.0
336,990.5363740610856,8.651816143046346,0.0,8.651816143046346,0.0
337,992.483032693271,8.651816143046346,0.0,8.651816143046346,0.0
338,994.4296913254564,8.499259872878696,0.0,8.499259872878696,0.0
339,996.342024796854,8.499259872878696,0.0,8.499259872878696,0.0
340,998.2543582682517,3.8792038483296096,0.0,3.8792038483296096,0.0
341,999.1271791341259,3.8792038483296096,0.0,3.8792038483296096,0.0
342,1000.0,0.0,0.0,0.0,0.0
343,1000.0,0.0,0.0,0.0,0.0
344,1000.0,0.0,0.0,0.0,0.0
345,1000.0,0.0,0.0,0.0,0.0
346,1000.0,0.0,0.0,0.0,0.0
347,1000.0,0.0,0.0,0.0,0.0
348,1000.0,0.0,0.0,0.0,0.0
349,1000.0,0.0,0.0,0.0,0.0
350,1000.0,0.0,0.0,0.0,0.0
351,1000.0,0.0,0.0,0.0,0.0
352,1000.0,0.0,0.0,0.0,0.0
353,1000.0,0.0,0.0,0.0,0.0
354,1000.0,0.0,0.0,0.0,0.0
355,1000.0,0.0,0.0,0.0,0.0
356,1000.0,0.0,0.0,0.0,0.0
357,1000.0,0.0,0.0,0.0,0.0
358,1000.0,0.0,0.0,0.0,0.0
359,1000.0,0.0,0.0,0.0,0.0
360,1000.0,0.0,0.0,0.0,0.0
361,1000.0,0.0,0.0,0.0,0.0
362,1000.0,0.0,0.0,0.0,0.0
363,1000.0,0.0,0.0,0.0,0.0
364,1000.0,0.0,0.0,0.0,0.0
365,1000.0,0.0,0.0,0.0,0.0
366,1000.0,0.0,0.0,0.0,0.0
367,1000.0,0.0,0.0,0.0,0.0
368,1000.0,0.0,0.0,0.0,0.0
369,1000.0,0.0,0.0,0.0,0.0
370,1000.0,0.0,0.0,0.0,0.0
371,1000.0,0.0,0.0,0.0,0.0
372,1000.0,0.0,0.0,0.0,0.0
373,1000.0,0.0,0.0,0.0,0.0
374,1000.0,0.0,0.0,0.0,0.0
375,1000.0,0.0,0.0,0.0,0.0
376,1000.0,0.0,0.0,0.0,0.0
377,1000.0,0.0,0.0,0.0,0.0
378,1000.0,0.0,0.0,0.0,0.0
379,1000.0,0.0,0.0,0.0,0.0
380,1000.0,0.0,0.0,0.0,0.0
381,1000.0,0.0,0.0,0.0,0.0
382,1000.0,0.0,0.0,0.0,0.0
383,1000.0,0.0,0.0,0.0,0.0
384,1000.0,0.0,0.0,0.0,0.0
385,1000.0,0.0,0.0,0.0,0.0
386,1000.0,0.0,0.0,0.0,0.0
387,1000.0,0.0,0.0,0.0,0.0
388,1000.0,0.0,0.0,0.0,0.0
389,1000.0,0.0,0.0,0.0,0.0
390,1000.0,0.0,0.0,0.0,0.0
391,1000.0,0.0,0.0,0.0,0.0
392,1000.0,0.0,0.0,0.0,0.0
393,1000.0,0.0,0.0,0.0,0.0
394,1000.0,0.0,0.0,0.0,0.0
395,1000.0,0.0,0.0,0.0,0.0
396,1000.0,0.0,0.0,0.0,0.0
397,1000.0,0.0,0.0,0.0,0.0
398,1000.0,0.0,0.0,0.0,0.0
399,1000.0,0.0,0.0,0.0,0.0
400,1000.0,0.0,0.0,0.0,0.0
401,1000.0,0.0,0.0,0.0,0.0
402,1000.0,0.0,0.0,0.0,0.0
403,1000.0,0.0,0.0,0.0,0.0
404,1000.0,0.0,0.0,0.0,0.0
405,1000.0,0.0,0.0,0.0,0.0
406,1000.0,0.0,0.0,0.0,0.0
407,1000.0,0.0,0.0,0.0,0.0
408,1000.0,0.0,0.0,0.0,0.0
409,1000.0,0.0,0.0,0.0,0.0
410,1000.0,0.0,0.0,0.0,0.0
411,1000.0,0.0,0.0,0.0,0.0
412,1000.0,0.0,0.0,0.0,0.0
413,1000.0,0.0,0.0,0.0,0.0
414,1000.0,0.0,0.0,0.0,0.0
415,1000.0,0.0,0.0,0.0,0.0
416,1000.0,0.0,0.0,0.0,0.0
417,1000.0,0.0,0.0,0.0,0.0
418,1000.0,0.0,0.0,0.0,0.0
419,1000.0,0.0,0.0,0.0,0.0
420,1000.0,0.0,0.0,0.0,0.0
421,1000.0,0.0,0.0,0.0,0.0
422,1000.0,0.0,0.0,0.0,0.0
423,1000.0,0.0,0.0,0.0,0.0
424,1000.0,0.0,0.0,0.0,0.0
425,1000.0,0.0,0.0,0.0,0.0
426,1000.0,0.0,0.0,0.0,0.0
427,1000.0,0.0,0.0,0.0,0.0
428,1000.0,0.0,0.0,0.0,0.0
429,1000.0,0.0,0.0,0.0,0.0
430,1000.0,0.0,0.0,0.0,0.0
431,1000.0,0.0,0.0,0.0,0.0
432,1000.0,0.0,0.0,0.0,0.0
433,1000.0,0.0,0.0,0.0,0.0
434,1000.0,0.0,0.0,0.0,0.0
435,1000.0,0.0,0.0,0.0,0.0
436,1000.0,0.0,0.0,0.0,0.0
437,1000.0,0.0,0.0,0.0,0.0
438,1000.0,0.0,0.0,0.0,0.0
439,1000.0,0.0,0.0,0.0,0.0
440,1000.0,0.0,0.0,0.0,0.0
441,1000.0,0.0,0.0,0.0,0.0
442,1000.0,0.0,0.0,0.0,0.0
443,1000.0,0.0,0.0,0.0,0.0
444,1000.0,0.0,0.0,0.0,0.0
445,1000.0,0.0,0.0,0.0,0.0
446,1000.0,0.0,0.0,0.0,0.0
447,1000.0,0.0,0.0,0.0,0.0
448,1000.0,0.0,0.0,0.0,0.0
449,1000.0,0.0,0.0,0.0,0.0
450,1000.0,0.0,0.0,0.0,0.0
451,1000.0,0.0,0.0,0.0,0.0
452,1000.0,0.0,0.0,0.0,0.0
453,1000.0,0.0,0.0,0.0,0.0
454,1000.0,0.0,0.0,0.0,0.0
455,1000.0,0.0,0.0,0.0,0.0
456,1000.0,0.0,0.0,0.0,0.0
457,1000.0,0.0,0.0,0.0,1.1136172970195275
458,999.690661861939,0.0,0.0,0.0,0.0
459,999.690661861939,0.0,0.0,0.0,0.0
460,999.690661861939,0.0,0.0,0.0,0.0
461,999.690661861939,0.0,0.0,0.0,0.0
462,999.690661861939,0.0,0.0,0.0,0.0
463,999.690661861939,0.0,0.0,0.0,0.0
464,999.690661861939,0.0,0.0,0.0,0.0
465,999.690661861939,0.0,0.0,0.0,0.0
466,999.690661861939,0.0,0.0,0.0,0.0
467,999.690661861939,0.0,0.0,0.0,0.0
468,999.690661861939,0.0,0.0,0.0,0.0
469,999.690661861939,0.0,0.0,0.0,0.0
470,999.690661861939,0.0,0.0,0.0,0.0
471,999.690661861939,0.0,0.0,0.0,0.0
472,999.690661861939,0.0,0.0,0.0,0.0
473,999.690661861939,0.0,0.0,0.0,0.0
474,999.690661861939,0.0,0.0,0.0,0.0
475,999.690661861939,0.0,0.0,0.0,0.0
476,999.690661861939,0.0,0.0,0.0,0.0
477,999.690661861939,0.0,0.0,0.0,0.0
478,999.690661861939,0.0,0.0,0.0,0.0
479,999.690661861939,0.0,0.0,0.0,0.0
480,999.690661861939,0.0,0.0,0.0,0.0
481,999.690661861939,0.0,0.0,0.0,0.0
482,999.690661861939,0.0,0.0,0.0,0.0
483,999.690661861939,0.0,0.0,0.0,0.0
484,999.690661861939,0.0,0.0,0.0,0.0
485,999.690661861939,0.0,0.0,0.0,0.0
486,999.690661861939,0.0,0.0,0.0,0.0
487,999.690661861939,0.0,0.0,0.0,0.0
488,999.690661861939,0.0,0.0,0.0,0.0
489,999.690661861939,0.0,0.0,0.0,0.0
490,999.690661861939,0.0,0.0,0.0,0.0
491,999.690661861939,0.0,0.0,0.0,0.0
492,999.690661861939,0.0,0.0,0.0,0.0
493,999.690661861939,0.0,0.0,0.0,0.0
494,999.690661861939,0.0,0.0,0.0,0.0
495,999.690661861939,0.0,0.0,0.0,0.0
496,999.690661861939,0.0,0.0,0.0,0.0
497,999.690661861939,0.0,0.0,0.0,0.0
498,999.690661861939,0.0,0.0,0.0,0.0
499,999.690661861939,0.0,0.0,0.0,0.0
500,999.690661861939,0.0,0.0,0.0,0.0
501,999.690661861939,0.0,0.0,0.0,0.0
502,999.690661861939,0.0,0.0,0.0,0.0
503,999.690661861939,0.0,0.0,0.0,0.0
504,999.690661861939,0.0,0.0,0.0,0.0
505,999.690661861939,0.0,0.0,0.0,0.0
506,999.690661861939,0.0,0.0,0.0,0.0
507,999.690661861939,0.0,0.0,0.0,0.0
508,999.690661861939,0.0,0.0,0.0,0.0
509,999.690661861939,0.0,0.0,0.0,0.0
510,999.690661861939,0.0,0.0,0.0,0.0
511,999.690661861939,0.0,0.0,0.0,0.0
512,999.690661861939,0.0,0.0,0.0,0.0
513,999.690661861939,0.0,0.0,0.0,0.0
514,999.690661861939,0.0,0.0,0.0,0.0
515,999.690661861939,0.0,0.0,0.0,0.0
516,999.690661861939,0.0,0.0,0.0,0.0
517,999.690661861939,0.0,0.0,0.0,0.0
518,999.690661861939,0.0,0.0,0.0,0.0
519,999.690661861939,0.0,0.0,0.0,0.0
520,999.690661861939,0.0,0.0,0.0,0.0
521,999.690661861939,0.0,0.0,0.0,0.0
522,999.690661861939,0.0,0.0,0.0,0.0
523,999.690661861939,0.0,0.0,0.0,0.0
524,999.690661861939,0.0,0.0,0.0,0.0
525,999.690661861939,0.0,0.0,0.0,0.0
526,999.690661861939,0.0,0.0,0.0,0.0
527,999.690661861939,0.0,0.0,0.0,0.0
528,999.690661861939,0.0,0.0,0.0,0.0
529,999.690661861939,0.0,0.0,0.0,0.0
530,999.690661861939,0.0,0.0,0.0,0.0
531,999.690661861939,0.0,0.0,0.0,0.0
532,999.690661861939,0.0,0.0,0.0,0.0
533,999.690661861939,0.0,0.0,0.0,0.0
534,999.690661861939,0.0,0.0,0.0,0.0
535,999.690661861939,0.0,0.0,0.0,0.0
536,999.690661861939,0.0,0.0,0.0,0.0
537,999.690661861939,0.0,0.0,0.0,0.0
538,999.690661861939,0.0,0.0,0.0,0.0
539,999.690661861939,0.0,0.0,0.0,0.0
540,999.690661861939,0.0,0.0,0.0,0.0
541,999.690661861939,0.0,0.0,0.0,0.0
542,999.690661861939,0.0,0.0,0.0,0.0
543,999.690661861939,0.0,0.0,0.0,0.0
544,999.690661861939,0.0,0.0,0.0,0.0
545,999.690661861939,0.0,0.0,0.0,0.0
546,999.690661861939,0.0,0.0,0.0,0.0
547,999.690661861939,0.0,0.0,0.0,0.0
548,999.690661861939,0.0,0.0,0.0,0.0
549,999.690661861939,0.0,0.0,0.0,0.0
550,999.690661861939,0.0,0.0,0.0,0.0
551,999.690661861939,0.0,0.0,0.0,0.0
552,999.690661861939,0.0,0.0,0.0,0.0
553,999.690661861939,0.0,0.0,0.0,0.0
554,999.6906618619412,0.0,0.0,0.0,0.0
555,999.6906618619412,0.0,0.0,0.0,0.0
556,999.6906618619412,0.0,0.0,0.0,0.0
557,999.6906618619412,0.0,0.0,0.0,0.0
558,999.6906618619412,0.0,0.0,0.0,0.0
559,999.6906618619412,0.0,0.0,0.0,0.0
560,999.6906618619412,0.0,0.0,0.0,0.0
561,999.6906618619412,0.0,0.0,0.0,0.0
562,999.6906618619412,0.0,0.0,0.0,0.0
563,999.6906618619412,0.0,0.0,0.0,0.0
564,999.6906618619412,0.0,0.0,0.0,0.0
565,999.6906618619412,0.0,0.0,0.0,0.0
566,999.6906618619412,0.0,0.0,0.0,0.0
567,999.6906618619412,0.0,0.0,0.0,0.0
568,999.6906618619412,0.0,0.0,0.0,0.0
569,999.6906618619412,0.0,0.0,0.0,0.0
570,999.6906618619412,0.0,0.0,0.0,0.0
571,999.6906618619412,0.0,0.0,0.0,0.0
572,999.6906618619412,0.0,0.0,0.0,0.0
573,999.6906618619412,0.0,0.0,0.0,0.0
574,999.6906618619412,0.0,0.0,0.0,0.0
575,999.6906618619412,0.0,0.0,0.0,0.0
576,999.6906618619412,0.0,0.0,0.0,0.0
577,999.6906618619412,0.0,0.0,0.0,0.0
578,999.6906618619412,0.0,0.0,0.0,0.0
579,999.6906618619412,0.0,0.0,0.0,0.0
580,999.6906618619412,0.0,0.0,0.0,0.0
581,999.6906618619412,0.0,0.0,0.0,0.0
582,999.6906618619412,0.0,0.0,0.0,0.0
583,999.6906618619412,0.0,0.0,0.0,0.0
584,999.6906618619412,0.0,0.0,0.0,0.0
585,999.6906618619412,0.0,0.0,0.0,0.0
586,999.6906618619412,0.0,0.0,0.0,0.0
587,999.6906618619412,0.0,0.0,0.0,0.0
588,999.6906618619412,0.0,0.0,0.0,0.0
589,999.6906618619412,0.0,0.0,0.0,0.0
590,999.6906618619412,0.0,0.0,0.0,0.0
591,999.6906618619412,0.0,0.0,0.0,0.0
592,999.6906618619412,0.0,0.0,0.0,0.0
593,999.6906618619412,0.0,0.0,0.0,0.0
594,999.6906618619412,0.0,0.0,0.0,0.0
595,999.6906618619412,0.0,0.0,0.0,0.0
596,999.6906618619412,0.0,0.0,0.0,0.0
597,999.6906618619412,0.0,0.0,0.0,0.0
598,999.6906618619412,0.0,0.0,0.0,0.0
599,999.6906618619412,0.0,0.0,0.0,0.0
600,999.6906618619412,0.0,0.0,0.0,0.0
601,999.6906618619412,0.0,0.0,0.0,0.0
602,999.6906618619412,0.0,0.0,0.0,0.0
603,999.6906618619412,0.0,0.0,0.0,0.0
604,999.6906618619412,0.0,0.0,0.0,0.0
605,999.6906618619412,0.0,0.0,0.0,0.0
606,999.6906618619412,0.0,0.0,0.0,0.0
607,999.6906618619412,0.0,0.0,0.0,0.0
608,999.6906618619412,0.0,0.0,0.0,0.0
609,999.6906618619412,0.0,0.0,0.0,0.0
610,999.6906618619412,0.0,0.0,0.0,0.0
611,999.6906618619412,0.0,0.0,0.0,0.0
612,999.6906618619412,0.0,0.0,0.0,0.0
613,999.6906618619412,0.0,0.0,0.0,0.0
614,999.6906618619412,0.0,0.0,0.0,0.0
615,999.6906618619412,0.0,0.0,0.0,0.0
616,999.6906618619412,0.0,0.0,0.0,0.0
617,999.6906618619412,0.0,0.0,0.0,0.0
618,999.6906618619412,0.0,0.0,0.0,0.0
619,999.6906618619412,0.0,0.0,0.0,0.0
620,999.6906618619412,0.0,0.0,0.0,0.0
621,999.6906618619412,0.0,0.0,0.0,0.0
622,999.6906618619412,0.0,0.0,0.0,0.0
623,999.6906618619412,0.0,0.0,0.0,0.0
624,999.6906618619412,0.40731971467283756,0.0,0.40731971467283756,0.0
625,999.7823087977425,0.40731971467283756,0.0,0.40731971467283756,0.0
626,999.8739557335439,0.28009836990270287,0.0,0.28009836990270287,0.0
627,999.9369778667719,0.28009836990270287,0.0,0.28009836990270287,0.0
628,1000.0,0.0,0.0,0.0,0.0
629,1000.0,0.0,0.0,0.0,0.0
630,1000.0,0.0,0.0,0.0,0.0
631,1000.0,0.0,0.0,0.0,0.0
632,1000.0,0.0,0.0,0.0,0.0
633,1000.0,0.0,0.0,0.0,0.0
634,1000.0,0.0,0.0,0.0,0.0
635,1000.0,0.0,0.0,0.0,0.0
636,1000.0,0.0,0.0,0.0,0.0
637,1000.0,0.0,0.0,0.0,0.0
638,1000.0,0.0,0.0,0.0,0.0
639,1000.0,0.0,0.0,0.0,0.0
640,1000.0,0.0,0.0,0.0,0.0
641,1000.0,0.0,0.0,0.0,0.0
642,1000.0,0.0,0.0,0.0,0.0
643,1000.0,0.0,0.0,0.0,0.0
644,1000.0,0.0,0.0,0.0,0.0
645,1000.0,0.0,0.0,0.0,0.0
646,1000.0,0.0,0.0,0.0,0.0
647,1000.0,0.0,0.0,0.0,0.0
648,1000.0,0.0,0.0,0.0,0.0
649,1000.0,0.0,0.0,0.0,0.0
650,1000.0,0.0,0.0,0.0,0.0
651,1000.0,0.0,0.0,0.0,0.0
652,1000.0,0.0,0.0,0.0,0.0
653,1000.0,0.0,0.0,0.0,0.0
654,1000.0,0.0,0.0,0.0,0.0
655,1000.0,0.0,0.0,0.0,0.0
656,1000.0,0.0,0.0,0.0,0.0
657,1000.0,0.0,0.0,0.0,0.0
658,1000.0,0.0,0.0,0.0,0.0
659,1000.0,0.0,0.0,0.0,0.0
660,1000.0,0.0,0.0,0.0,0.0
661,1000.0,0.0,0.0,0.0,0.0
662,1000.0,0.0,0.0,0.0,0.0
663,1000.0,0.0,0.0,0.0,0.0
664,1000.0,0.0,0.0,0.0,0.0
665,1000.0,0.0,0.0,0.0,0.0
666,1000.0,0.0,0.0,0.0,0.0
667,1000.0,0.0,0.0,0.0,0.0
668,1000.0,0.0,0.0,0.0,0.0
669,1000.0,0.0,0.0,0.0,0.0
670,1000.0,0.0,0.0,0.0,0.0
671,1000.0,0.0,0.0,0.0,0.0
