bus,time,powerCB,gridPowToB,eB,chargerUse
0,12,0.0,0.0,360.7999999999999,0.0
1,12,0.0,0.0,268.4,0.0
2,12,0.0,0.0,413.6,0.0
3,12,0.0,0.0,198.0,0.0
4,12,0.0,0.0,321.2,0.0
5,12,0.0,0.0,387.2,0.0
0,13,0.0,0.0,360.7999999999999,0.0
1,13,0.0,0.0,268.4,0.0
2,13,0.0,0.0,413.6,0.0
3,13,0.0,0.0,198.0,0.0
4,13,0.0,0.0,321.2,0.0
5,13,0.0,0.0,387.2,0.0
0,14,0.0,0.0,360.7999999999999,0.0
1,14,0.0,0.0,268.4,0.0
2,14,0.0,0.0,413.6,0.0
3,14,0.0,0.0,198.0,0.0
4,14,0.0,0.0,321.2,0.0
5,14,0.0,0.0,387.2,0.0
0,15,0.0,0.0,360.7999999999999,0.0
1,15,0.0,0.0,268.4,0.0
2,15,0.0,0.0,413.6,0.0
3,15,0.0,0.0,198.0,0.0
4,15,0.0,0.0,321.2,0.0
5,15,0.0,0.0,387.2,0.0
0,16,0.0,0.0,360.7999999999999,0.0
1,16,0.0,0.0,268.4,0.0
2,16,0.0,0.0,413.6,0.0
3,16,0.0,0.0,198.0,0.0
4,16,0.0,0.0,321.2,0.0
5,16,0.0,0.0,387.2,0.0
0,17,0.0,0.0,360.7999999999999,0.0
1,17,0.0,0.0,268.4,0.0
2,17,0.0,0.0,413.6,0.0
3,17,0.0,0.0,198.0,0.0
4,17,0.0,0.0,321.2,0.0
5,17,0.0,0.0,387.2,0.0
0,18,0.0,0.0,360.7999999999999,0.0
1,18,0.0,0.0,268.4,0.0
2,18,0.0,0.0,413.6,0.0
3,18,0.0,0.0,198.0,0.0
4,18,0.0,0.0,321.2,0.0
5,18,0.0,0.0,387.2,0.0
0,19,0.0,0.0,360.7999999999999,0.0
1,19,0.0,0.0,268.4,0.0
2,19,0.0,0.0,413.6,0.0
3,19,0.0,0.0,198.0,0.0
4,19,0.0,0.0,321.2,0.0
5,19,0.0,0.0,387.2,0.0
0,20,0.0,0.0,360.7999999999999,0.0
1,20,0.0,0.0,268.4,0.0
2,20,0.0,0.0,413.6,0.0
3,20,0.0,0.0,198.0,0.0
4,20,0.0,0.0,321.2,0.0
5,20,0.0,0.0,387.2,0.0
0,21,0.0,0.0,360.7999999999999,0.0
1,21,0.0,0.0,268.4,0.0
2,21,0.0,0.0,413.6,0.0
3,21,0.0,0.0,198.0,0.0
4,21,0.0,0.0,321.2,0.0
5,21,0.0,0.0,387.2,0.0
0,22,0.0,0.0,360.7999999999999,0.0
1,22,0.0,0.0,268.4,0.0
2,22,0.0,0.0,413.6,0.0
3,22,0.0,0.0,198.0,0.0
4,22,0.0,0.0,321.2,0.0
5,22,0.0,0.0,387.2,0.0
0,23,0.0,0.0,360.7999999999999,0.0
1,23,0.0,0.0,268.4,0.0
2,23,0.0,0.0,413.6,0.0
3,23,0.0,0.0,198.0,0.0
4,23,0.0,0.0,321.2,0.0
5,23,0.0,0.0,387.2,0.0
0,24,0.0,0.0,360.7999999999999,0.0
1,24,0.0,0.0,268.4,0.0
2,24,0.0,0.0,413.6,0.0
3,24,0.0,0.0,198.0,0.0
4,24,0.0,0.0,321.2,0.0
5,24,0.0,0.0,387.2,0.0
0,25,0.0,0.0,360.7999999999999,0.0
1,25,0.0,0.0,268.4,0.0
2,25,0.0,0.0,413.6,0.0
3,25,0.0,0.0,198.0,0.0
4,25,0.0,0.0,321.2,0.0
5,25,0.0,0.0,387.2,0.0
0,26,0.0,0.0,360.7999999999999,0.0
1,26,0.0,0.0,268.4,0.0
2,26,0.0,0.0,413.6,0.0
3,26,0.0,0.0,198.0,0.0
4,26,0.0,0.0,321.2,0.0
5,26,0.0,0.0,387.2,0.0
0,27,0.0,0.0,360.7999999999999,0.0
1,27,0.0,0.0,268.4,0.0
2,27,0.0,0.0,413.6,0.0
3,27,0.0,0.0,198.0,0.0
4,27,0.0,0.0,321.2,0.0
5,27,0.0,0.0,387.2,0.0
0,28,0.0,0.0,360.7999999999999,0.0
1,28,0.0,0.0,268.4,0.0
2,28,0.0,0.0,413.6,0.0
3,28,0.0,0.0,198.0,0.0
4,28,0.0,0.0,321.2,0.0
5,28,0.0,0.0,387.2,0.0
0,29,0.0,0.0,360.7999999999999,0.0
1,29,0.0,0.0,268.4,0.0
2,29,0.0,0.0,413.6,0.0
3,29,0.0,0.0,198.0,0.0
4,29,0.0,0.0,321.2,0.0
5,29,0.0,0.0,387.2,0.0
0,30,0.0,0.0,360.7999999999999,0.0
1,30,0.0,0.0,268.4,0.0
2,30,0.0,0.0,413.6,0.0
3,30,0.0,0.0,198.0,0.0
4,30,0.0,0.0,321.2,0.0
5,30,0.0,0.0,387.2,0.0
0,31,0.0,0.0,360.7999999999999,0.0
1,31,0.0,0.0,268.4,0.0
2,31,0.0,0.0,413.6,0.0
3,31,0.0,0.0,198.0,0.0
4,31,0.0,0.0,321.2,0.0
5,31,0.0,0.0,387.2,0.0
0,32,0.0,0.0,360.7999999999999,0.0
1,32,0.0,0.0,268.4,0.0
2,32,0.0,0.0,413.6,0.0
3,32,0.0,0.0,198.0,0.0
4,32,0.0,0.0,321.2,0.0
5,32,0.0,0.0,387.2,0.0
0,33,0.0,0.0,360.7999999999999,0.0
1,33,0.0,0.0,268.4,0.0
2,33,0.0,0.0,413.6,0.0
3,33,0.0,0.0,198.0,0.0
4,33,0.0,0.0,321.2,0.0
5,33,0.0,0.0,387.2,0.0
0,34,0.0,0.0,360.7999999999999,0.0
1,34,0.0,0.0,268.4,0.0
2,34,0.0,0.0,413.6,0.0
3,34,0.0,0.0,198.0,0.0
4,34,0.0,0.0,321.2,0.0
5,34,0.0,0.0,387.2,0.0
0,35,0.0,0.0,360.7999999999999,0.0
1,35,0.0,0.0,268.4,0.0
2,35,0.0,0.0,413.6,0.0
3,35,0.0,0.0,198.0,0.0
4,35,0.0,0.0,321.2,0.0
5,35,0.0,0.0,387.2,0.0
0,36,0.0,0.0,360.7999999999999,0.0
1,36,0.0,0.0,268.4,0.0
2,36,0.0,0.0,413.6,0.0
3,36,0.0,0.0,198.0,0.0
4,36,0.0,0.0,321.2,0.0
5,36,0.0,0.0,387.2,0.0
0,37,0.0,0.0,360.7999999999999,0.0
1,37,0.0,0.0,268.4,0.0
2,37,0.0,0.0,413.6,0.0
3,37,0.0,0.0,198.0,0.0
4,37,0.0,0.0,321.2,0.0
5,37,0.0,0.0,387.2,0.0
0,38,0.0,0.0,360.7999999999999,0.0
1,38,0.0,0.0,268.4,0.0
2,38,0.0,0.0,413.6,0.0
3,38,0.0,0.0,198.0,0.0
4,38,0.0,0.0,321.2,0.0
5,38,0.0,0.0,387.2,0.0
0,39,0.0,0.0,360.7999999999999,0.0
1,39,0.0,0.0,268.4,0.0
2,39,0.0,0.0,413.6,0.0
3,39,0.0,0.0,198.0,0.0
4,39,0.0,0.0,321.2,0.0
5,39,0.0,0.0,387.2,0.0
0,40,0.0,0.0,360.7999999999999,0.0
1,40,0.0,0.0,268.4,0.0
2,40,0.0,0.0,413.6,0.0
3,40,0.0,0.0,198.0,0.0
4,40,0.0,0.0,321.2,0.0
5,40,0.0,0.0,387.2,0.0
0,41,0.0,0.0,360.7999999999999,0.0
1,41,0.0,0.0,268.4,0.0
2,41,0.0,0.0,413.6,0.0
3,41,0.0,0.0,198.0,0.0
4,41,0.0,0.0,321.2,0.0
5,41,0.0,0.0,387.2,0.0
0,42,0.0,0.0,360.7999999999999,0.0
1,42,0.0,0.0,268.4,0.0
2,42,0.0,0.0,413.6,0.0
3,42,0.0,0.0,198.0,0.0
4,42,0.0,0.0,321.2,0.0
5,42,0.0,0.0,387.2,0.0
0,43,0.0,0.0,360.7999999999999,0.0
1,43,0.0,0.0,268.4,0.0
2,43,0.0,0.0,413.6,0.0
3,43,0.0,0.0,198.0,0.0
4,43,0.0,0.0,321.2,0.0
5,43,0.0,0.0,387.2,0.0
0,44,0.0,0.0,360.7999999999999,0.0
1,44,0.0,0.0,268.4,0.0
2,44,0.0,0.0,413.6,0.0
3,44,0.0,0.0,198.0,0.0
4,44,0.0,0.0,321.2,0.0
5,44,0.0,0.0,387.2,0.0
0,45,0.0,0.0,360.7999999999999,0.0
1,45,0.0,0.0,268.4,0.0
2,45,0.0,0.0,413.6,0.0
3,45,0.0,0.0,198.0,0.0
4,45,0.0,0.0,321.2,0.0
5,45,0.0,0.0,387.2,0.0
0,46,0.0,0.0,360.7999999999999,0.0
1,46,0.0,0.0,268.4,0.0
2,46,0.0,0.0,413.6,0.0
3,46,0.0,0.0,198.0,0.0
4,46,0.0,0.0,321.2,0.0
5,46,0.0,0.0,387.2,0.0
0,47,0.0,0.0,360.7999999999999,0.0
1,47,0.0,0.0,268.4,0.0
2,47,0.0,0.0,413.6,0.0
3,47,0.0,0.0,198.0,0.0
4,47,0.0,0.0,321.2,0.0
5,47,0.0,0.0,387.2,0.0
0,48,0.0,0.0,360.7999999999999,0.0
1,48,0.0,0.0,268.4,0.0
2,48,0.0,0.0,413.6,0.0
3,48,0.0,0.0,198.0,0.0
4,48,0.0,0.0,321.2,0.0
5,48,0.0,0.0,387.2,0.0
0,49,0.0,0.0,360.7999999999999,0.0
1,49,0.0,0.0,268.4,0.0
2,49,0.0,0.0,413.6,0.0
3,49,0.0,0.0,198.0,0.0
4,49,0.0,0.0,321.2,0.0
5,49,0.0,0.0,387.2,0.0
0,50,0.0,0.0,360.7999999999999,0.0
1,50,0.0,0.0,268.4,0.0
2,50,0.0,0.0,413.6,0.0
3,50,0.0,0.0,198.0,0.0
4,50,0.0,0.0,321.2,0.0
5,50,0.0,0.0,387.2,0.0
0,51,0.0,0.0,360.7999999999999,0.0
1,51,0.0,0.0,268.4,0.0
2,51,0.0,0.0,413.6,0.0
3,51,0.0,0.0,198.0,0.0
4,51,0.0,0.0,321.2,0.0
5,51,0.0,0.0,387.2,0.0
0,52,0.0,0.0,360.7999999999999,0.0
1,52,0.0,0.0,268.4,0.0
2,52,0.0,0.0,413.6,0.0
3,52,0.0,0.0,198.0,0.0
4,52,0.0,0.0,321.2,0.0
5,52,0.0,0.0,387.2,0.0
0,53,0.0,0.0,360.7999999999999,0.0
1,53,0.0,0.0,268.4,0.0
2,53,0.0,0.0,413.6,0.0
3,53,0.0,0.0,198.0,0.0
4,53,0.0,0.0,321.2,0.0
5,53,0.0,0.0,387.2,0.0
0,54,0.0,0.0,360.7999999999999,0.0
1,54,0.0,0.0,268.4,0.0
2,54,0.0,0.0,413.6,0.0
3,54,0.0,0.0,198.0,0.0
4,54,0.0,0.0,321.2,0.0
5,54,0.0,0.0,387.2,0.0
0,55,0.0,0.0,360.7999999999999,0.0
1,55,0.0,0.0,268.4,0.0
2,55,0.0,0.0,413.6,0.0
3,55,0.0,0.0,198.0,0.0
4,55,0.0,0.0,321.2,0.0
5,55,0.0,0.0,387.2,0.0
0,56,0.0,0.0,360.7999999999999,0.0
1,56,0.0,0.0,268.4,0.0
2,56,0.0,0.0,413.6,0.0
3,56,0.0,0.0,198.0,0.0
4,56,0.0,0.0,321.2,0.0
5,56,0.0,0.0,387.2,0.0
0,57,0.0,0.0,360.7999999999999,0.0
1,57,0.0,0.0,268.4,0.0
2,57,0.0,0.0,413.6,0.0
3,57,0.0,0.0,198.0,0.0
4,57,0.0,0.0,321.2,0.0
5,57,0.0,0.0,387.2,0.0
0,58,0.0,0.0,360.7999999999999,0.0
1,58,0.0,0.0,268.4,0.0
2,58,0.0,0.0,413.6,0.0
3,58,0.0,0.0,198.0,0.0
4,58,0.0,0.0,321.2,0.0
5,58,0.0,0.0,387.2,0.0
0,59,0.0,0.0,360.7999999999999,0.0
1,59,0.0,0.0,268.4,0.0
2,59,0.0,0.0,413.6,0.0
3,59,0.0,0.0,198.0,0.0
4,59,0.0,0.0,321.2,0.0
5,59,0.0,0.0,387.2,0.0
0,60,0.0,0.0,360.7999999999999,0.0
1,60,0.0,0.0,268.4,0.0
2,60,0.0,0.0,413.6,0.0
3,60,0.0,0.0,198.0,0.0
4,60,0.0,0.0,321.2,0.0
5,60,0.0,0.0,387.2,0.0
0,61,0.0,0.0,360.7999999999999,0.0
1,61,0.0,0.0,268.4,0.0
2,61,0.0,0.0,413.6,0.0
3,61,0.0,0.0,198.0,0.0
4,61,0.0,0.0,321.2,0.0
5,61,0.0,0.0,387.2,0.0
0,62,0.0,0.0,360.7999999999999,0.0
1,62,0.0,0.0,268.4,0.0
2,62,0.0,0.0,413.6,0.0
3,62,0.0,0.0,198.0,0.0
4,62,0.0,0.0,321.2,0.0
5,62,0.0,0.0,387.2,0.0
0,63,0.0,0.0,360.7999999999999,0.0
1,63,0.0,0.0,268.4,0.0
2,63,0.0,0.0,413.6,0.0
3,63,0.0,0.0,198.0,0.0
4,63,0.0,0.0,321.2,0.0
5,63,0.0,0.0,387.2,0.0
0,64,0.0,0.0,360.7999999999999,0.0
1,64,0.0,0.0,268.4,0.0
2,64,0.0,0.0,413.6,0.0
3,64,0.0,0.0,198.0,0.0
4,64,0.0,0.0,321.2,0.0
5,64,0.0,0.0,387.2,0.0
0,65,0.0,0.0,360.7999999999999,0.0
1,65,0.0,0.0,268.4,0.0
2,65,0.0,0.0,413.6,0.0
3,65,0.0,0.0,198.0,0.0
4,65,0.0,0.0,321.2,0.0
5,65,0.0,0.0,387.2,0.0
0,66,0.0,0.0,360.7999999999999,0.0
1,66,0.0,0.0,268.4,0.0
2,66,0.0,0.0,413.6,0.0
3,66,0.0,0.0,198.0,0.0
4,66,0.0,0.0,321.2,0.0
5,66,0.0,0.0,387.2,0.0
0,67,0.0,0.0,360.7999999999999,0.0
1,67,0.0,0.0,268.4,0.0
2,67,0.0,0.0,413.6,0.0
3,67,0.0,0.0,198.0,0.0
4,67,0.0,0.0,321.2,0.0
5,67,0.0,0.0,387.2,0.0
0,68,0.0,0.0,360.7999999999999,0.0
1,68,0.0,0.0,268.4,0.0
2,68,0.0,0.0,413.6,0.0
3,68,0.0,0.0,198.0,0.0
4,68,0.0,0.0,321.2,0.0
5,68,0.0,0.0,387.2,0.0
0,69,0.0,0.0,360.7999999999999,0.0
1,69,0.0,0.0,268.4,0.0
2,69,0.0,0.0,413.6,0.0
3,69,0.0,0.0,198.0,0.0
4,69,0.0,0.0,321.2,0.0
5,69,0.0,0.0,387.2,0.0
0,70,0.0,0.0,360.7999999999999,0.0
1,70,0.0,0.0,268.4,0.0
2,70,0.0,0.0,413.6,0.0
3,70,0.0,0.0,198.0,0.0
4,70,0.0,0.0,321.2,0.0
5,70,0.0,0.0,387.2,0.0
0,71,0.0,0.0,360.7999999999999,0.0
1,71,0.0,0.0,268.4,0.0
2,71,0.0,0.0,413.6,0.0
3,71,0.0,0.0,198.0,0.0
4,71,0.0,0.0,321.2,0.0
5,71,0.0,0.0,387.2,0.0
0,72,0.0,0.0,360.7999999999999,0.0
1,72,0.0,0.0,268.4,0.0
2,72,0.0,0.0,413.6,0.0
3,72,0.0,0.0,198.0,0.0
4,72,0.0,0.0,321.2,0.0
5,72,0.0,0.0,387.2,0.0
0,73,0.0,0.0,360.7999999999999,0.0
1,73,0.0,0.0,268.4,0.0
2,73,0.0,0.0,413.6,0.0
3,73,0.0,0.0,198.0,0.0
4,73,0.0,0.0,321.2,0.0
5,73,0.0,0.0,387.2,0.0
0,74,0.0,0.0,360.7999999999999,0.0
1,74,0.0,0.0,268.4,0.0
2,74,0.0,0.0,413.6,0.0
3,74,0.0,0.0,198.0,0.0
4,74,0.0,0.0,321.2,0.0
5,74,0.0,0.0,387.2,0.0
0,75,0.0,0.0,360.7999999999999,0.0
1,75,0.0,0.0,268.4,0.0
2,75,0.0,0.0,413.6,0.0
3,75,0.0,0.0,198.0,0.0
4,75,0.0,0.0,321.2,0.0
5,75,0.0,0.0,387.2,0.0
0,76,0.0,0.0,360.7999999999999,0.0
1,76,0.0,0.0,268.4,0.0
2,76,0.0,0.0,413.6,0.0
3,76,0.0,0.0,198.0,0.0
4,76,0.0,0.0,321.2,0.0
5,76,0.0,0.0,387.2,0.0
0,77,0.0,0.0,360.7999999999999,0.0
1,77,0.0,0.0,268.4,0.0
2,77,0.0,0.0,413.6,0.0
3,77,0.0,0.0,198.0,0.0
4,77,0.0,0.0,321.2,0.0
5,77,0.0,0.0,387.2,0.0
0,78,0.0,0.0,360.7999999999999,0.0
1,78,0.0,0.0,268.4,0.0
2,78,0.0,0.0,413.6,0.0
3,78,0.0,0.0,198.0,0.0
4,78,0.0,0.0,321.2,0.0
5,78,0.0,0.0,387.2,0.0
0,79,0.0,0.0,360.7999999999999,0.0
1,79,0.0,0.0,268.4,0.0
2,79,0.0,0.0,413.6,0.0
3,79,0.0,0.0,198.0,0.0
4,79,0.0,0.0,321.2,0.0
5,79,0.0,0.0,387.2,0.0
0,80,0.0,0.0,360.7999999999999,0.0
1,80,0.0,0.0,268.4,0.0
2,80,0.0,0.0,413.6,0.0
3,80,0.0,0.0,198.0,0.0
4,80,0.0,0.0,321.2,0.0
5,80,0.0,0.0,387.2,0.0
0,81,0.0,0.0,360.7999999999999,0.0
1,81,0.0,0.0,268.4,0.0
2,81,0.0,0.0,413.6,0.0
3,81,0.0,0.0,198.0,0.0
4,81,0.0,0.0,321.2,0.0
5,81,0.0,0.0,387.2,0.0
0,82,0.0,0.0,360.7999999999999,0.0
1,82,0.0,0.0,268.4,0.0
2,82,0.0,0.0,413.6,0.0
3,82,0.0,0.0,198.0,0.0
4,82,0.0,0.0,321.2,0.0
5,82,0.0,0.0,387.2,0.0
0,83,0.0,0.0,360.7999999999999,0.0
1,83,0.0,0.0,268.4,0.0
2,83,0.0,0.0,413.6,0.0
3,83,0.0,0.0,198.0,0.0
4,83,0.0,0.0,321.2,0.0
5,83,0.0,0.0,387.2,0.0
0,84,0.0,0.0,360.7999999999999,0.0
1,84,0.0,0.0,268.4,0.0
2,84,0.0,0.0,413.6,0.0
3,84,0.0,0.0,198.0,0.0
4,84,0.0,0.0,321.2,0.0
5,84,0.0,0.0,387.2,0.0
0,85,0.0,0.0,360.7999999999999,0.0
1,85,0.0,0.0,268.4,0.0
2,85,0.0,0.0,413.6,0.0
3,85,0.0,0.0,198.0,0.0
4,85,0.0,0.0,321.2,0.0
5,85,0.0,0.0,387.2,0.0
0,86,0.0,0.0,360.7999999999999,0.0
1,86,0.0,0.0,268.4,0.0
2,86,0.0,0.0,413.6,0.0
3,86,0.0,0.0,198.0,0.0
4,86,0.0,0.0,321.2,0.0
5,86,0.0,0.0,387.2,0.0
0,87,0.0,0.0,360.7999999999999,0.0
1,87,0.0,0.0,268.4,0.0
2,87,0.0,0.0,413.6,0.0
3,87,0.0,0.0,198.0,0.0
4,87,0.0,0.0,321.2,0.0
5,87,0.0,0.0,387.2,0.0
0,88,0.0,0.0,360.7999999999999,0.0
1,88,0.0,0.0,268.4,0.0
2,88,0.0,0.0,413.6,0.0
3,88,0.0,0.0,198.0,0.0
4,88,0.0,0.0,321.2,0.0
5,88,0.0,0.0,387.2,0.0
0,89,0.0,0.0,360.7999999999999,0.0
1,89,0.0,0.0,268.4,0.0
2,89,0.0,0.0,413.6,0.0
3,89,0.0,0.0,198.0,0.0
4,89,0.0,0.0,321.2,0.0
5,89,0.0,0.0,387.2,0.0
0,90,0.0,0.0,360.7999999999999,0.0
1,90,0.0,0.0,268.4,0.0
2,90,0.0,0.0,413.6,0.0
3,90,0.0,0.0,198.0,0.0
4,90,0.0,0.0,321.2,0.0
5,90,0.0,0.0,387.2,0.0
0,91,0.0,0.0,360.7999999999999,0.0
1,91,0.0,0.0,268.4,0.0
2,91,0.0,0.0,413.6,0.0
3,91,0.0,0.0,198.0,0.0
4,91,0.0,0.0,321.2,0.0
5,91,0.0,0.0,387.2,0.0
0,92,0.0,0.0,360.7999999999999,0.0
1,92,0.0,0.0,268.4,0.0
2,92,0.0,0.0,413.6,0.0
3,92,0.0,0.0,198.0,0.0
4,92,0.0,0.0,321.2,0.0
5,92,0.0,0.0,387.2,0.0
0,93,0.0,0.0,360.7999999999999,0.0
1,93,0.0,0.0,268.4,0.0
2,93,0.0,0.0,413.6,0.0
3,93,0.0,0.0,198.0,0.0
4,93,0.0,0.0,321.2,0.0
5,93,0.0,0.0,387.2,0.0
0,94,0.0,0.0,360.7999999999999,0.0
1,94,0.0,0.0,268.4,0.0
2,94,0.0,0.0,413.6,0.0
3,94,0.0,0.0,198.0,0.0
4,94,0.0,0.0,321.2,0.0
5,94,0.0,0.0,387.2,0.0
0,95,0.0,0.0,360.7999999999999,0.0
1,95,0.0,0.0,268.4,0.0
2,95,0.0,0.0,413.6,0.0
3,95,0.0,0.0,198.0,0.0
4,95,0.0,0.0,321.2,0.0
5,95,0.0,0.0,387.2,0.0
0,96,0.0,0.0,360.7999999999999,0.0
1,96,0.0,0.0,268.4,0.0
2,96,0.0,0.0,413.6,0.0
3,96,0.0,0.0,198.0,0.0
4,96,0.0,0.0,321.2,0.0
5,96,0.0,0.0,387.2,0.0
0,97,0.0,0.0,360.7999999999999,0.0
1,97,0.0,0.0,268.4,0.0
2,97,0.0,0.0,413.6,0.0
3,97,0.0,0.0,198.0,0.0
4,97,0.0,0.0,321.2,0.0
5,97,0.0,0.0,387.2,0.0
0,98,0.0,0.0,360.7999999999999,0.0
1,98,0.0,0.0,268.4,0.0
2,98,0.0,0.0,413.6,0.0
3,98,0.0,0.0,198.0,0.0
4,98,0.0,0.0,321.2,0.0
5,98,0.0,0.0,387.2,0.0
0,99,0.0,0.0,360.7999999999999,0.0
1,99,0.0,0.0,268.4,0.0
2,99,0.0,0.0,413.6,0.0
3,99,0.0,0.0,198.0,0.0
4,99,0.0,0.0,321.2,0.0
5,99,0.0,0.0,387.2,0.0
0,100,0.0,0.0,360.7999999999999,0.0
1,100,0.0,0.0,268.4,0.0
2,100,0.0,0.0,413.6,0.0
3,100,0.0,0.0,198.0,0.0
4,100,0.0,0.0,321.2,0.0
5,100,0.0,0.0,387.2,0.0
0,101,0.0,0.0,360.7999999999999,0.0
1,101,0.0,0.0,268.4,0.0
2,101,0.0,0.0,413.6,0.0
3,101,0.0,0.0,198.0,0.0
4,101,0.0,0.0,321.2,0.0
5,101,0.0,0.0,387.2,0.0
0,102,0.0,0.0,360.7999999999999,0.0
1,102,0.0,0.0,268.4,0.0
2,102,0.0,0.0,413.6,0.0
3,102,0.0,0.0,198.0,0.0
4,102,0.0,0.0,321.2,0.0
5,102,0.0,0.0,387.2,0.0
0,103,0.0,0.0,360.7999999999999,0.0
1,103,0.0,0.0,268.4,0.0
2,103,0.0,0.0,413.6,0.0
3,103,0.0,0.0,198.0,0.0
4,103,0.0,0.0,321.2,0.0
5,103,0.0,0.0,387.2,0.0
0,104,0.0,0.0,360.7999999999999,0.0
1,104,0.0,0.0,268.4,0.0
2,104,0.0,0.0,413.6,0.0
3,104,0.0,0.0,198.0,0.0
4,104,0.0,0.0,321.2,0.0
5,104,0.0,0.0,387.2,0.0
0,105,0.0,0.0,360.7999999999999,0.0
1,105,0.0,0.0,268.4,0.0
2,105,0.0,0.0,413.6,0.0
3,105,0.0,0.0,198.0,0.0
4,105,0.0,0.0,321.2,0.0
5,105,0.0,0.0,387.2,0.0
0,106,0.0,0.0,360.7999999999999,0.0
1,106,0.0,0.0,268.4,0.0
2,106,0.0,0.0,413.6,0.0
3,106,0.0,0.0,198.0,0.0
4,106,0.0,0.0,321.2,0.0
5,106,0.0,0.0,387.2,0.0
0,107,0.0,0.0,360.7999999999999,0.0
1,107,0.0,0.0,268.4,0.0
2,107,0.0,0.0,413.6,0.0
3,107,0.0,0.0,198.0,0.0
4,107,0.0,0.0,321.2,0.0
5,107,0.0,0.0,387.2,0.0
0,108,0.0,0.0,360.7999999999999,0.0
1,108,0.0,0.0,268.4,0.0
2,108,0.0,0.0,413.6,0.0
3,108,42.38834675812442,45.09398591289832,198.0,1.0
4,108,49.0,52.12765957446809,321.2,1.0
5,108,11.402224024194004,12.130025557653198,387.2,1.0
0,109,0.0,0.0,360.7999999999999,0.0
1,109,0.0,0.0,268.4,0.0
2,109,0.0,0.0,413.6,0.0
3,109,49.0,52.12765957446809,208.5970866895311,1.0
4,109,49.0,52.12765957446809,333.45,1.0
5,109,4.790570782318428,5.0963518960834335,390.0505560060485,1.0
0,110,0.0,0.0,360.7999999999999,0.0
1,110,0.0,0.0,268.4,0.0
2,110,0.0,0.0,413.6,0.0
3,110,49.0,52.12765957446809,220.8470866895311,1.0
4,110,49.0,52.12765957446809,345.7,1.0
5,110,4.790570782318428,5.0963518960834335,391.2481987016281,0.9999999999999992
0,111,0.0,0.0,360.7999999999999,0.0
1,111,0.0,0.0,268.4,0.0
2,111,0.0,0.0,413.6,0.0
3,111,49.0,52.12765957446809,233.0970866895311,1.0
4,111,49.0,52.12765957446809,357.95,1.0
5,111,4.790570782318428,5.0963518960834335,392.4458413972077,0.9999999999999992
0,112,-0.0,0.0,360.7999999999999,0.0
1,112,0.0,0.0,268.4,0.0
2,112,0.0,0.0,413.6,0.0
3,112,49.0,52.12765957446809,245.34708668953112,1.0
4,112,49.0,52.12765957446809,370.2,1.0
5,112,4.790570782318428,5.0963518960834335,393.64348409278733,0.9999999999999992
0,113,-0.0,0.0,360.7999999999999,-0.0
1,113,0.0,0.0,268.4,0.0
2,113,0.0,0.0,413.6,0.0
3,113,49.0,52.12765957446809,257.5970866895311,1.0
4,113,49.0,52.12765957446809,382.45,1.0
5,113,4.79057078231846,5.096351896083468,394.8411267883669,0.9999999999999996
0,114,-0.0,0.0,360.7999999999999,-0.0
1,114,0.0,0.0,268.4,0.0
2,114,0.0,0.0,413.6,0.0
3,114,49.0,52.12765957446809,269.8470866895311,1.0
4,114,49.0,52.12765957446809,394.7,1.0
5,114,4.790570782318428,5.0963518960834335,396.03876948394657,0.9999999999999996
0,115,0.0,0.0,360.7999999999999,0.0
1,115,0.0,0.0,268.4,0.0
2,115,0.0,0.0,413.6,0.0
3,115,49.0,52.12765957446809,282.0970866895311,1.0
4,115,49.0,52.12765957446809,406.95,1.0
5,115,4.7905707823184525,5.09635189608346,397.23641217952616,0.9999999999999996
0,116,-0.0,0.0,360.7999999999999,-0.0
1,116,0.0,0.0,268.4,0.0
2,116,0.0,0.0,413.6,0.0
3,116,49.0,52.12765957446809,294.3470866895311,1.0
4,116,49.0,52.12765957446809,419.2,1.0
5,116,4.790570782318428,5.0963518960834335,398.4340548751058,0.9999999999999996
0,117,21.422346053977105,22.789729844656495,360.7999999999999,1.0
1,117,0.0,0.0,268.4,0.0
2,117,0.0,0.0,413.6,0.0
3,117,49.0,52.12765957446809,306.5970866895311,1.0
4,117,0.0,0.0,431.45,-0.0
5,117,32.368224728341325,34.434281625895025,399.6316975706854,1.0
0,118,49.0,52.12765957446809,366.1555865134942,1.0
1,118,4.790570782318428,5.0963518960834335,268.4,1.0
2,118,0.0,0.0,413.6,0.0
3,118,49.0,52.12765957446809,318.8470866895311,1.0
4,118,0.0,0.0,431.45,0.0
5,118,-0.0,0.0,407.72375375277073,0.0
0,119,49.0,52.12765957446809,378.4055865134942,1.0
1,119,4.790570782318428,5.0963518960834335,269.5976426955796,1.0
2,119,0.0,0.0,413.6,0.0
3,119,49.0,52.12765957446809,331.0970866895311,1.0
4,119,0.0,0.0,431.45,0.0
5,119,-0.0,0.0,407.72375375277073,0.0
0,120,4.790570782318428,5.0963518960834335,390.6555865134942,1.0
1,120,49.0,52.12765957446809,270.7952853911592,1.0
2,120,0.0,0.0,413.6,0.0
3,120,49.0,52.12765957446809,343.3470866895311,1.0
4,120,0.0,0.0,431.45,-0.0
5,120,0.0,0.0,407.72375375277073,0.0
0,121,49.0,52.12765957446809,391.8532292090738,1.0
1,121,19.94576518962423,21.218899137898116,283.0452853911592,1.0
2,121,0.0,0.0,413.6,0.0
3,121,33.8448055926942,36.005112332653404,355.5970866895311,1.0
4,121,0.0,0.0,431.45,0.0
5,121,0.0,0.0,407.72375375277073,0.0
0,122,-0.0,0.0,404.1032292090738,0.0
1,122,49.0,52.12765957446809,288.03172668856524,1.0
2,122,0.0,0.0,413.6,0.0
3,122,49.0,52.12765957446809,364.0582880877047,1.0
4,122,0.0,0.0,431.45,0.0
5,122,0.0,0.0,407.72375375277073,0.0
0,123,-0.0,0.0,404.1032292090738,-0.0
1,123,49.0,52.12765957446809,300.28172668856524,1.0
2,123,0.0,0.0,413.6,0.0
3,123,49.0,52.12765957446809,376.3082880877047,1.0
4,123,0.0,0.0,431.45,0.0
5,123,0.0,0.0,407.72375375277073,0.0
0,124,-0.0,0.0,404.1032292090738,0.0
1,124,49.0,52.12765957446809,312.53172668856524,1.0
2,124,-0.0,0.0,413.6,-0.0
3,124,49.0,52.12765957446809,388.5582880877047,1.0
4,124,0.0,0.0,431.45,0.0
5,124,0.0,0.0,407.72375375277073,0.0
0,125,0.0,0.0,404.1032292090738,-0.0
1,125,49.0,52.12765957446809,324.78172668856524,1.0
2,125,-0.0,0.0,413.6,0.0
3,125,-0.0,0.0,400.8082880877047,0.0
4,125,-0.0,0.0,431.45,-0.0
5,125,0.0,0.0,407.72375375277073,0.0
0,126,-0.0,0.0,404.1032292090738,0.0
1,126,49.0,52.12765957446809,337.03172668856524,1.0
2,126,0.0,0.0,413.6,0.0
3,126,-0.0,0.0,400.8082880877047,0.0
4,126,-0.0,0.0,431.45,0.0
5,126,0.0,0.0,407.72375375277073,0.0
0,127,-0.0,0.0,404.1032292090738,-0.0
1,127,48.99999999999999,52.12765957446808,349.28172668856524,1.0
2,127,0.0,0.0,413.6,0.0
3,127,-0.0,0.0,400.8082880877047,-0.0
4,127,-0.0,0.0,431.45,0.0
5,127,0.0,0.0,407.72375375277073,0.0
0,128,0.0,0.0,404.1032292090738,0.0
1,128,49.0,52.12765957446809,361.5317266885653,1.0
2,128,0.0,0.0,413.6,0.0
3,128,-0.0,0.0,400.8082880877047,0.0
4,128,-0.0,0.0,431.45,-0.0
5,128,0.0,0.0,407.72375375277073,0.0
0,129,0.0,0.0,404.1032292090738,0.0
1,129,49.0,52.12765957446809,373.7817266885653,1.0
2,129,0.0,0.0,413.6,0.0
3,129,-0.0,0.0,400.8082880877047,0.0
4,129,-0.0,0.0,431.45,0.0
5,129,0.0,0.0,407.72375375277073,0.0
0,130,0.0,0.0,404.1032292090738,0.0
1,130,-0.0,0.0,386.0317266885653,0.0
2,130,0.0,0.0,413.6,0.0
3,130,0.0,0.0,400.8082880877047,0.0
4,130,0.0,0.0,431.45,0.0
5,130,0.0,0.0,407.72375375277073,0.0
0,131,0.0,0.0,404.1032292090738,0.0
1,131,-0.0,0.0,386.0317266885653,0.0
2,131,0.0,0.0,413.6,0.0
3,131,0.0,0.0,400.8082880877047,0.0
4,131,0.0,0.0,431.45,0.0
5,131,0.0,0.0,407.72375375277073,0.0
0,132,0.0,0.0,404.1032292090738,0.0
1,132,0.0,0.0,386.0317266885653,0.0
2,132,0.0,0.0,413.6,0.0
3,132,0.0,0.0,400.8082880877047,0.0
4,132,0.0,0.0,431.45,0.0
5,132,0.0,0.0,407.72375375277073,0.0
0,133,0.0,0.0,404.1032292090738,0.0
1,133,0.0,0.0,386.0317266885653,0.0
2,133,0.0,0.0,413.6,0.0
3,133,0.0,0.0,400.8082880877047,0.0
4,133,0.0,0.0,431.45,0.0
5,133,0.0,0.0,407.72375375277073,0.0
0,134,0.0,0.0,404.1032292090738,0.0
1,134,0.0,0.0,386.0317266885653,0.0
2,134,0.0,0.0,413.6,0.0
3,134,0.0,0.0,400.8082880877047,0.0
4,134,0.0,0.0,431.45,0.0
5,134,0.0,0.0,407.72375375277073,0.0
0,135,0.0,0.0,404.1032292090738,0.0
1,135,0.0,0.0,386.0317266885653,0.0
2,135,0.0,0.0,413.6,0.0
3,135,0.0,0.0,400.8082880877047,0.0
4,135,0.0,0.0,431.45,0.0
5,135,0.0,0.0,407.72375375277073,0.0
0,136,0.0,0.0,404.1032292090738,0.0
1,136,0.0,0.0,386.0317266885653,0.0
2,136,0.0,0.0,413.6,0.0
3,136,0.0,0.0,400.8082880877047,0.0
4,136,0.0,0.0,431.45,0.0
5,136,0.0,0.0,407.72375375277073,0.0
0,137,0.0,0.0,404.1032292090738,0.0
1,137,0.0,0.0,386.0317266885653,0.0
2,137,0.0,0.0,413.6,0.0
3,137,0.0,0.0,400.8082880877047,0.0
4,137,0.0,0.0,431.45,0.0
5,137,0.0,0.0,407.72375375277073,0.0
0,138,0.0,0.0,404.1032292090738,0.0
1,138,0.0,0.0,386.0317266885653,0.0
2,138,0.0,0.0,413.6,0.0
3,138,0.0,0.0,400.8082880877047,0.0
4,138,0.0,0.0,431.45,0.0
5,138,0.0,0.0,407.72375375277073,0.0
0,139,0.0,0.0,404.1032292090738,0.0
1,139,0.0,0.0,386.0317266885653,0.0
2,139,0.0,0.0,413.6,0.0
3,139,0.0,0.0,400.8082880877047,0.0
4,139,0.0,0.0,431.45,0.0
5,139,0.0,0.0,407.72375375277073,0.0
0,140,0.0,0.0,404.1032292090738,0.0
1,140,0.0,0.0,386.0317266885653,0.0
2,140,0.0,0.0,413.6,0.0
3,140,0.0,0.0,400.8082880877047,0.0
4,140,0.0,0.0,431.45,0.0
5,140,0.0,0.0,407.72375375277073,0.0
0,141,0.0,0.0,404.1032292090738,0.0
1,141,0.0,0.0,386.0317266885653,0.0
2,141,0.0,0.0,413.6,0.0
3,141,0.0,0.0,400.8082880877047,0.0
4,141,0.0,0.0,431.45,0.0
5,141,0.0,0.0,407.72375375277073,0.0
0,142,0.0,0.0,404.1032292090738,0.0
1,142,0.0,0.0,386.0317266885653,0.0
2,142,0.0,0.0,413.6,0.0
3,142,0.0,0.0,400.8082880877047,0.0
4,142,0.0,0.0,431.45,0.0
5,142,0.0,0.0,407.72375375277073,0.0
0,143,0.0,0.0,404.1032292090738,0.0
1,143,-0.0,0.0,386.0317266885653,0.0
2,143,0.0,0.0,413.6,0.0
3,143,0.0,0.0,400.8082880877047,0.0
4,143,0.0,0.0,431.45,0.0
5,143,0.0,0.0,407.72375375277073,0.0
0,144,0.0,0.0,404.1032292090738,0.0
1,144,0.0,0.0,386.0317266885653,0.0
2,144,0.0,0.0,413.6,0.0
3,144,0.0,0.0,400.8082880877047,0.0
4,144,0.0,0.0,431.45,0.0
5,144,0.0,0.0,407.72375375277073,0.0
0,145,0.0,0.0,404.1032292090738,0.0
1,145,0.0,0.0,386.0317266885653,0.0
2,145,0.0,0.0,413.6,0.0
3,145,0.0,0.0,400.8082880877047,0.0
4,145,0.0,0.0,431.45,0.0
5,145,0.0,0.0,407.72375375277073,0.0
0,146,0.0,0.0,404.1032292090738,0.0
1,146,0.0,0.0,386.0317266885653,0.0
2,146,0.0,0.0,413.6,0.0
3,146,0.0,0.0,400.8082880877047,0.0
4,146,0.0,0.0,431.45,0.0
5,146,0.0,0.0,407.72375375277073,0.0
0,147,0.0,0.0,404.1032292090738,0.0
1,147,0.0,0.0,386.0317266885653,0.0
2,147,0.0,0.0,413.6,0.0
3,147,0.0,0.0,400.8082880877047,0.0
4,147,0.0,0.0,431.45,0.0
5,147,0.0,0.0,407.72375375277073,0.0
0,148,0.0,0.0,404.1032292090738,0.0
1,148,0.0,0.0,386.0317266885653,0.0
2,148,0.0,0.0,413.6,0.0
3,148,0.0,0.0,400.8082880877047,0.0
4,148,0.0,0.0,431.45,0.0
5,148,0.0,0.0,407.72375375277073,0.0
0,149,0.0,0.0,404.1032292090738,0.0
1,149,0.0,0.0,386.0317266885653,0.0
2,149,0.0,0.0,413.6,0.0
3,149,0.0,0.0,400.8082880877047,0.0
4,149,0.0,0.0,431.45,0.0
5,149,0.0,0.0,407.72375375277073,0.0
0,150,0.0,0.0,404.1032292090738,0.0
1,150,0.0,0.0,386.0317266885653,0.0
2,150,0.0,0.0,413.6,0.0
3,150,0.0,0.0,400.8082880877047,0.0
4,150,0.0,0.0,170.9685221194295,0.0
5,150,0.0,0.0,407.7237537527707,0.0
0,151,0.0,0.0,404.1032292090738,0.0
1,151,0.0,0.0,386.0317266885653,0.0
2,151,0.0,0.0,413.6,0.0
3,151,0.0,0.0,400.8082880877047,0.0
4,151,0.0,0.0,170.9685221194295,0.0
5,151,0.0,0.0,407.7237537527707,0.0
0,152,0.0,0.0,404.1032292090738,0.0
1,152,0.0,0.0,386.0317266885653,0.0
2,152,0.0,0.0,413.6,0.0
3,152,0.0,0.0,400.8082880877047,0.0
4,152,0.0,0.0,170.9685221194295,0.0
5,152,0.0,0.0,407.7237537527707,0.0
0,153,0.0,0.0,404.1032292090738,0.0
1,153,0.0,0.0,386.0317266885653,0.0
2,153,0.0,0.0,413.6,0.0
3,153,0.0,0.0,400.8082880877047,0.0
4,153,0.0,0.0,170.9685221194295,0.0
5,153,0.0,0.0,153.164480142456,0.0
0,154,0.0,0.0,404.1032292090738,0.0
1,154,0.0,0.0,386.0317266885653,0.0
2,154,0.0,0.0,413.6,0.0
3,154,0.0,0.0,400.8082880877047,0.0
4,154,0.0,0.0,170.9685221194295,0.0
5,154,0.0,0.0,153.164480142456,0.0
0,155,0.0,0.0,404.1032292090738,0.0
1,155,0.0,0.0,386.0317266885653,0.0
2,155,0.0,0.0,413.6,0.0
3,155,0.0,0.0,400.8082880877047,0.0
4,155,0.0,0.0,170.9685221194295,0.0
5,155,0.0,0.0,153.164480142456,0.0
0,156,0.0,0.0,88.0,0.0
1,156,0.0,0.0,386.0317266885653,0.0
2,156,0.0,0.0,413.6,0.0
3,156,0.0,0.0,400.8082880877047,0.0
4,156,0.0,0.0,170.9685221194295,0.0
5,156,0.0,0.0,153.164480142456,0.0
0,157,0.0,0.0,88.0,0.0
1,157,0.0,0.0,386.0317266885653,0.0
2,157,0.0,0.0,413.6,0.0
3,157,0.0,0.0,400.8082880877047,0.0
4,157,0.0,0.0,170.9685221194295,0.0
5,157,0.0,0.0,153.164480142456,0.0
0,158,0.0,0.0,88.0,0.0
1,158,0.0,0.0,386.0317266885653,0.0
2,158,0.0,0.0,413.6,0.0
3,158,0.0,0.0,400.8082880877047,0.0
4,158,0.0,0.0,170.9685221194295,0.0
5,158,0.0,0.0,153.164480142456,0.0
0,159,0.0,0.0,88.0,0.0
1,159,0.0,0.0,386.0317266885653,0.0
2,159,0.0,0.0,413.6,0.0
3,159,0.0,0.0,146.60471460884085,0.0
4,159,0.0,0.0,170.9685221194295,0.0
5,159,0.0,0.0,153.164480142456,0.0
0,160,0.0,0.0,88.0,0.0
1,160,0.0,0.0,386.0317266885653,0.0
2,160,0.0,0.0,413.6,0.0
3,160,0.0,0.0,146.60471460884085,0.0
4,160,0.0,0.0,170.9685221194295,0.0
5,160,0.0,0.0,153.164480142456,0.0
0,161,0.0,0.0,88.0,0.0
1,161,0.0,0.0,386.0317266885653,0.0
2,161,0.0,0.0,413.6,0.0
3,161,0.0,0.0,146.60471460884085,0.0
4,161,0.0,0.0,170.9685221194295,0.0
5,161,0.0,0.0,153.164480142456,0.0
0,162,0.0,0.0,88.0,0.0
1,162,0.0,0.0,386.0317266885653,0.0
2,162,0.0,0.0,413.6,0.0
3,162,0.0,0.0,146.60471460884085,0.0
4,162,0.0,0.0,170.9685221194295,0.0
5,162,0.0,0.0,153.164480142456,0.0
0,163,0.0,0.0,88.0,0.0
1,163,0.0,0.0,386.0317266885653,0.0
2,163,0.0,0.0,413.6,0.0
3,163,0.0,0.0,146.60471460884085,0.0
4,163,0.0,0.0,170.9685221194295,0.0
5,163,0.0,0.0,153.164480142456,0.0
0,164,0.0,0.0,88.0,0.0
1,164,0.0,0.0,386.0317266885653,0.0
2,164,0.0,0.0,413.6,0.0
3,164,0.0,0.0,146.60471460884085,0.0
4,164,0.0,0.0,170.9685221194295,0.0
5,164,0.0,0.0,153.164480142456,0.0
0,165,0.0,0.0,88.0,0.0
1,165,0.0,0.0,139.61885843536305,0.0
2,165,0.0,0.0,413.6,0.0
3,165,0.0,0.0,146.60471460884085,0.0
4,165,0.0,0.0,170.9685221194295,0.0
5,165,0.0,0.0,153.164480142456,0.0
0,166,0.0,0.0,88.0,0.0
1,166,0.0,0.0,139.61885843536305,0.0
2,166,0.0,0.0,413.6,0.0
3,166,0.0,0.0,146.60471460884085,0.0
4,166,0.0,0.0,170.9685221194295,0.0
5,166,0.0,0.0,153.164480142456,0.0
0,167,0.0,0.0,88.0,0.0
1,167,0.0,0.0,139.61885843536305,0.0
2,167,0.0,0.0,413.6,0.0
3,167,0.0,0.0,146.60471460884085,0.0
4,167,0.0,0.0,170.9685221194295,0.0
5,167,0.0,0.0,153.164480142456,0.0
0,168,0.0,0.0,88.0,0.0
1,168,0.0,0.0,139.61885843536305,0.0
2,168,0.0,0.0,413.6,0.0
3,168,0.0,0.0,146.60471460884085,0.0
4,168,0.0,0.0,170.9685221194295,0.0
5,168,48.99999999999998,52.12765957446806,153.164480142456,0.9999999999999996
0,169,0.0,0.0,88.0,0.0
1,169,0.0,0.0,139.61885843536305,0.0
2,169,0.0,0.0,413.6,-0.0
3,169,0.0,0.0,146.60471460884085,0.0
4,169,0.0,0.0,170.9685221194295,0.0
5,169,48.99999999999998,52.12765957446806,165.414480142456,0.9999999999999996
0,170,0.0,0.0,88.0,0.0
1,170,0.0,0.0,139.61885843536305,0.0
2,170,0.0,0.0,413.6,-0.0
3,170,0.0,0.0,146.60471460884085,0.0
4,170,0.0,0.0,170.9685221194295,0.0
5,170,48.99999999999998,52.12765957446806,177.664480142456,0.9999999999999996
0,171,0.0,0.0,88.0,0.0
1,171,0.0,0.0,139.61885843536308,0.0
2,171,0.0,0.0,413.6,0.0
3,171,0.0,0.0,146.6047146088408,0.0
4,171,0.0,0.0,170.9685221194295,0.0
5,171,48.99999999999998,52.12765957446806,189.914480142456,0.9999999999999996
0,172,49.0,52.12765957446809,88.0,1.0
1,172,0.0,0.0,139.61885843536308,0.0
2,172,0.0,0.0,413.6,-0.0
3,172,0.0,0.0,146.6047146088408,0.0
4,172,0.0,0.0,170.9685221194295,0.0
5,172,48.99999999999998,52.12765957446806,202.164480142456,0.9999999999999996
0,173,49.0,52.12765957446809,100.25,1.0
1,173,0.0,0.0,139.61885843536308,0.0
2,173,0.0,0.0,413.6,-0.0
3,173,0.0,0.0,146.6047146088408,0.0
4,173,0.0,0.0,170.9685221194295,0.0
5,173,48.999999999999986,52.12765957446808,214.41448014245597,0.9999999999999996
0,174,49.0,52.12765957446809,112.5,1.0
1,174,0.0,0.0,139.61885843536308,0.0
2,174,0.0,0.0,413.6,-0.0
3,174,0.0,0.0,146.6047146088408,0.0
4,174,0.0,0.0,170.9685221194295,0.0
5,174,48.99999999999998,52.12765957446806,226.66448014245597,0.9999999999999996
0,175,49.0,52.12765957446809,124.75,1.0
1,175,0.0,0.0,139.61885843536308,0.0
2,175,0.0,0.0,413.6,-0.0
3,175,0.0,0.0,146.6047146088408,0.0
4,175,0.0,0.0,170.9685221194295,0.0
5,175,48.99999999999998,52.12765957446806,238.91448014245597,0.9999999999999996
0,176,49.0,52.12765957446809,137.0,1.0
1,176,0.0,0.0,139.61885843536308,0.0
2,176,0.0,0.0,413.6,-0.0
3,176,0.0,0.0,146.6047146088408,0.0
4,176,0.0,0.0,170.9685221194295,0.0
5,176,49.00000000000015,52.12765957446825,251.16448014245597,1.000000000000003
0,177,49.0,52.12765957446809,149.25,1.0
1,177,0.0,0.0,139.61885843536308,0.0
2,177,0.0,0.0,413.6,4.640279090678206e-16
3,177,0.0,0.0,146.6047146088408,0.0
4,177,0.0,0.0,170.9685221194295,0.0
5,177,49.0,52.12765957446809,263.414480142456,1.0
0,178,49.0,52.12765957446809,161.5,1.0
1,178,0.0,0.0,139.61885843536308,0.0
2,178,0.0,0.0,413.6,-0.0
3,178,0.0,0.0,146.60471460884077,0.0
4,178,0.0,0.0,170.9685221194295,0.0
5,178,49.0,52.12765957446809,275.664480142456,1.0
0,179,49.0,52.12765957446809,173.75,1.0
1,179,0.0,0.0,139.61885843536308,0.0
2,179,0.0,0.0,413.6,-0.0
3,179,49.0,52.12765957446809,146.60471460884077,1.0
4,179,0.0,0.0,170.9685221194295,0.0
5,179,4.790570782318427,5.096351896083433,287.914480142456,1.0
0,180,49.0,52.12765957446809,186.0,1.0
1,180,0.0,0.0,139.61885843536308,0.0
2,180,0.0,0.0,413.6,-0.0
3,180,4.790570782318427,5.096351896083433,158.85471460884077,1.0
4,180,0.0,0.0,170.9685221194295,0.0
5,180,49.0,52.12765957446809,289.1121228380356,1.0
0,181,49.0,52.12765957446809,198.25,1.0
1,181,0.0,0.0,139.61885843536308,0.0
2,181,0.0,0.0,413.6,-0.0
3,181,4.790570782318428,5.0963518960834335,160.05235730442038,1.0
4,181,0.0,0.0,170.9685221194295,0.0
5,181,49.0,52.12765957446809,301.3621228380356,1.0
0,182,49.0,52.12765957446809,210.5,1.0
1,182,0.0,0.0,139.61885843536308,0.0
2,182,0.0,0.0,413.6,-0.0
3,182,49.0,52.12765957446809,161.25,1.0
4,182,-0.0,0.0,170.9685221194295,0.0
5,182,4.790570782318428,5.0963518960834335,313.6121228380356,1.0
0,183,0.0,0.0,222.75,1.0
1,183,0.0,0.0,139.61885843536308,0.0
2,183,0.0,0.0,413.6,-0.0
3,183,49.0,52.12765957446809,173.5,1.0
4,183,12.925911522281922,13.750969704555237,170.9685221194295,1.0
5,183,40.86465926003651,43.47304176599629,314.8097655336152,1.0
0,184,0.0,0.0,222.75,1.0
1,184,0.0,0.0,139.61885843536308,0.0
2,184,0.0,0.0,413.6,0.0
3,184,49.0,52.12765957446809,185.75,1.0
4,184,49.0,52.12765957446809,174.2,1.0
5,184,4.790570782318428,5.0963518960834335,325.02593034862434,1.0
0,185,49.0,52.12765957446809,222.75,1.0
1,185,0.0,0.0,139.61885843536308,0.0
2,185,0.0,0.0,413.6,-0.0
3,185,0.0,0.0,198.0,0.0
4,185,49.0,52.12765957446809,186.45,1.0
5,185,4.790570782318427,5.096351896083433,326.22357304420393,1.0
0,186,49.0,52.12765957446809,235.0,1.0
1,186,0.0,0.0,139.61885843536308,-0.0
2,186,0.0,0.0,413.6,-0.0
3,186,0.0,0.0,198.0,0.0
4,186,49.0,52.12765957446809,198.7,1.0
5,186,4.790570782318428,5.0963518960834335,327.4212157397836,1.0
0,187,4.790570782318428,5.0963518960834335,247.25,1.0
1,187,-0.0,0.0,139.61885843536308,0.0
2,187,0.0,0.0,413.6,-0.0
3,187,0.0,0.0,198.0,0.0
4,187,49.0,52.12765957446809,210.95,1.0
5,187,49.0,52.12765957446809,328.61885843536317,1.0
0,188,49.0,52.12765957446809,248.4476426955796,1.0
1,188,0.0,0.0,139.61885843536308,-0.0
2,188,0.0,0.0,413.6,-0.0
3,188,0.0,0.0,198.0,0.0
4,188,49.0,52.12765957446809,223.2,1.0
5,188,4.790570782318428,5.0963518960834335,340.86885843536317,1.0
0,189,4.790570782318428,5.0963518960834335,260.6976426955796,1.0
1,189,49.0,52.12765957446809,139.61885843536308,1.0
2,189,0.0,0.0,413.6,-0.0
3,189,0.0,0.0,198.0,0.0
4,189,49.0,52.12765957446809,235.45,1.0
5,189,0.0,0.0,342.06650113094275,1.0
0,190,49.0,52.12765957446809,261.89528539115923,1.0
1,190,0.0,0.0,151.86885843536308,1.0
2,190,0.0,0.0,413.6,-0.0
3,190,-0.0,0.0,198.0,-0.0
4,190,49.0,52.12765957446809,247.7,1.0
5,190,4.790570782318427,5.096351896083433,342.06650113094275,1.0
0,191,4.790570782318428,5.0963518960834335,274.14528539115923,1.0
1,191,49.0,52.12765957446809,151.86885843536308,1.0
2,191,0.0,0.0,413.6,-0.0
3,191,-0.0,0.0,198.0,0.0
4,191,49.0,52.12765957446809,259.95,1.0
5,191,0.0,0.0,343.2641438265224,1.0
0,192,0.0,0.0,275.3429280867388,1.0
1,192,4.790570782318428,5.0963518960834335,164.11885843536305,1.0
2,192,0.0,0.0,413.6,-0.0
3,192,0.0,0.0,198.0,0.0
4,192,49.0,52.12765957446809,272.2,1.0
5,192,48.99999999999999,52.12765957446808,343.2641438265224,1.0
0,193,33.45657530608921,35.59210138945661,275.3429280867388,1.0
1,193,20.333995476229212,21.631910081094908,165.31650113094267,1.0
2,193,0.0,0.0,413.6,-0.0
3,193,0.0,0.0,198.0,0.0
4,193,49.0,52.12765957446809,284.45,1.0
5,193,0.0,0.0,355.5141438265224,1.0
0,194,49.0,52.12765957446809,283.70707191326113,1.0
1,194,0.0,0.0,170.39999999999998,1.0
2,194,0.0,0.0,413.6,0.0
3,194,0.0,0.0,198.0,0.0
4,194,49.0,52.12765957446809,296.7,1.0
5,194,4.790570782318428,5.0963518960834335,355.5141438265224,1.0000000000000004
0,195,4.790570782318428,5.0963518960834335,295.95707191326113,1.0
1,195,49.0,52.12765957446809,170.39999999999998,1.0
2,195,0.0,0.0,413.6,-0.0
3,195,0.0,0.0,198.0,0.0
4,195,49.0,52.12765957446809,308.95,1.0
5,195,0.0,0.0,356.71178652210205,1.0000000000000004
0,196,49.0,52.12765957446809,297.1547146088407,1.0
1,196,49.0,52.12765957446809,182.65,1.0
2,196,0.0,0.0,413.6,-0.0
3,196,-0.0,0.0,198.0,0.0
4,196,0.0,0.0,321.2,0.0
5,196,4.790570782318428,5.0963518960834335,356.71178652210205,1.0000000000000004
0,197,49.0,52.12765957446809,309.4047146088407,1.0
1,197,49.0,52.12765957446809,194.9,1.0
2,197,0.0,0.0,413.6,-0.0
3,197,-0.0,0.0,198.0,-0.0
4,197,0.0,0.0,321.2,0.0
5,197,4.790570782318428,5.0963518960834335,357.90942921768163,1.0000000000000004
0,198,49.0,52.12765957446809,321.6547146088407,1.0
1,198,49.0,52.12765957446809,207.15,1.0
2,198,0.0,0.0,413.6,-0.0
3,198,-0.0,0.0,198.0,-0.0
4,198,0.0,0.0,321.2,0.0
5,198,4.790570782318428,5.0963518960834335,359.1070719132613,1.0000000000000004
0,199,49.0,52.12765957446809,333.9047146088407,1.0
1,199,49.0,52.12765957446809,219.4,1.0
2,199,0.0,0.0,413.6,-0.0
3,199,-0.0,0.0,198.0,0.0
4,199,0.0,0.0,321.2,0.0
5,199,4.790570782318428,5.0963518960834335,360.30471460884087,1.0000000000000004
0,200,4.790570782318428,5.0963518960834335,346.1547146088407,1.0
1,200,49.0,52.12765957446809,231.65,1.0
2,200,0.0,0.0,413.6,0.0
3,200,-0.0,0.0,198.0,0.0
4,200,0.0,0.0,321.2,0.0
5,200,49.0,52.12765957446809,361.50235730442046,1.0000000000000004
0,201,49.0,52.12765957446809,347.35235730442037,1.0
1,201,49.0,52.12765957446809,243.9,1.0
2,201,0.0,0.0,413.6,-0.0
3,201,-0.0,0.0,198.0,-0.0
4,201,0.0,0.0,321.2,0.0
5,201,4.790570782318428,5.0963518960834335,373.75235730442046,1.0000000000000004
0,202,4.790570782318428,5.0963518960834335,359.60235730442037,1.0
1,202,49.0,52.12765957446809,256.15,1.0
2,202,0.0,0.0,413.6,-0.0
3,202,0.0,0.0,198.0,0.0
4,202,0.0,0.0,321.2,0.0
5,202,49.0,52.12765957446809,374.95,1.0
0,203,0.0,0.0,360.7999999999999,0.0
1,203,0.0,0.0,268.4,0.0
2,203,0.0,0.0,413.6,-0.0
3,203,0.0,0.0,198.0,0.0
4,203,0.0,0.0,321.2,0.0
5,203,0.0,0.0,387.2,1.0
0,204,0.0,0.0,360.7999999999999,0.0
1,204,0.0,0.0,268.4,0.0
2,204,0.0,0.0,413.6,0.0
3,204,42.38834675812442,45.09398591289832,198.0,1.0
4,204,49.0,52.12765957446809,321.2,1.0
5,204,11.402224024194004,12.130025557653198,387.2,1.0
0,205,0.0,0.0,360.7999999999999,0.0
1,205,0.0,0.0,268.4,0.0
2,205,0.0,0.0,413.6,0.0
3,205,49.0,52.12765957446809,208.5970866895311,1.0
4,205,49.0,52.12765957446809,333.45,1.0
5,205,4.790570782318428,5.0963518960834335,390.0505560060485,1.0
0,206,0.0,0.0,360.7999999999999,0.0
1,206,0.0,0.0,268.4,0.0
2,206,0.0,0.0,413.6,0.0
3,206,49.0,52.12765957446809,220.8470866895311,1.0
4,206,49.0,52.12765957446809,345.7,1.0
5,206,4.790570782318428,5.0963518960834335,391.2481987016281,0.9999999999999992
0,207,0.0,0.0,360.7999999999999,0.0
1,207,0.0,0.0,268.4,0.0
2,207,0.0,0.0,413.6,0.0
3,207,49.0,52.12765957446809,233.0970866895311,1.0
4,207,49.0,52.12765957446809,357.95,1.0
5,207,4.790570782318428,5.0963518960834335,392.4458413972077,0.9999999999999992
0,208,-0.0,0.0,360.7999999999999,0.0
1,208,0.0,0.0,268.4,0.0
2,208,0.0,0.0,413.6,0.0
3,208,49.0,52.12765957446809,245.34708668953112,1.0
4,208,49.0,52.12765957446809,370.2,1.0
5,208,4.790570782318428,5.0963518960834335,393.64348409278733,0.9999999999999992
0,209,-0.0,0.0,360.7999999999999,-0.0
1,209,0.0,0.0,268.4,0.0
2,209,0.0,0.0,413.6,0.0
3,209,49.0,52.12765957446809,257.5970866895311,1.0
4,209,49.0,52.12765957446809,382.45,1.0
5,209,4.79057078231846,5.096351896083468,394.8411267883669,0.9999999999999996
0,210,-0.0,0.0,360.7999999999999,-0.0
1,210,0.0,0.0,268.4,0.0
2,210,0.0,0.0,413.6,0.0
3,210,49.0,52.12765957446809,269.8470866895311,1.0
4,210,49.0,52.12765957446809,394.7,1.0
5,210,4.790570782318428,5.0963518960834335,396.03876948394657,0.9999999999999996
0,211,0.0,0.0,360.7999999999999,0.0
1,211,0.0,0.0,268.4,0.0
2,211,0.0,0.0,413.6,0.0
3,211,49.0,52.12765957446809,282.0970866895311,1.0
4,211,49.0,52.12765957446809,406.95,1.0
5,211,4.7905707823184525,5.09635189608346,397.23641217952616,0.9999999999999996
0,212,-0.0,0.0,360.7999999999999,-0.0
1,212,0.0,0.0,268.4,0.0
2,212,0.0,0.0,413.6,0.0
3,212,49.0,52.12765957446809,294.3470866895311,1.0
4,212,49.0,52.12765957446809,419.2,1.0
5,212,4.790570782318428,5.0963518960834335,398.4340548751058,0.9999999999999996
0,213,21.422346053977105,22.789729844656495,360.7999999999999,1.0
1,213,0.0,0.0,268.4,0.0
2,213,0.0,0.0,413.6,0.0
3,213,49.0,52.12765957446809,306.5970866895311,1.0
4,213,0.0,0.0,431.45,-0.0
5,213,32.368224728341325,34.434281625895025,399.6316975706854,1.0
0,214,49.0,52.12765957446809,366.1555865134942,1.0
1,214,4.790570782318428,5.0963518960834335,268.4,1.0
2,214,0.0,0.0,413.6,0.0
3,214,49.0,52.12765957446809,318.8470866895311,1.0
4,214,0.0,0.0,431.45,0.0
5,214,-0.0,0.0,407.72375375277073,0.0
0,215,49.0,52.12765957446809,378.4055865134942,1.0
1,215,4.790570782318428,5.0963518960834335,269.5976426955796,1.0
2,215,0.0,0.0,413.6,0.0
3,215,49.0,52.12765957446809,331.0970866895311,1.0
4,215,0.0,0.0,431.45,0.0
5,215,-0.0,0.0,407.72375375277073,0.0
0,216,4.790570782318428,5.0963518960834335,390.6555865134942,1.0
1,216,49.0,52.12765957446809,270.7952853911592,1.0
2,216,0.0,0.0,413.6,0.0
3,216,49.0,52.12765957446809,343.3470866895311,1.0
4,216,0.0,0.0,431.45,-0.0
5,216,0.0,0.0,407.72375375277073,0.0
0,217,49.0,52.12765957446809,391.8532292090738,1.0
1,217,19.94576518962423,21.218899137898116,283.0452853911592,1.0
2,217,0.0,0.0,413.6,0.0
3,217,33.8448055926942,36.005112332653404,355.5970866895311,1.0
4,217,0.0,0.0,431.45,0.0
5,217,0.0,0.0,407.72375375277073,0.0
0,218,-0.0,0.0,404.1032292090738,0.0
1,218,49.0,52.12765957446809,288.03172668856524,1.0
2,218,0.0,0.0,413.6,0.0
3,218,49.0,52.12765957446809,364.0582880877047,1.0
4,218,0.0,0.0,431.45,0.0
5,218,0.0,0.0,407.72375375277073,0.0
0,219,-0.0,0.0,404.1032292090738,-0.0
1,219,49.0,52.12765957446809,300.28172668856524,1.0
2,219,0.0,0.0,413.6,0.0
3,219,49.0,52.12765957446809,376.3082880877047,1.0
4,219,0.0,0.0,431.45,0.0
5,219,0.0,0.0,407.72375375277073,0.0
0,220,-0.0,0.0,404.1032292090738,0.0
1,220,49.0,52.12765957446809,312.53172668856524,1.0
2,220,-0.0,0.0,413.6,-0.0
3,220,49.0,52.12765957446809,388.5582880877047,1.0
4,220,0.0,0.0,431.45,0.0
5,220,0.0,0.0,407.72375375277073,0.0
0,221,0.0,0.0,404.1032292090738,-0.0
1,221,49.0,52.12765957446809,324.78172668856524,1.0
2,221,-0.0,0.0,413.6,0.0
3,221,-0.0,0.0,400.8082880877047,0.0
4,221,-0.0,0.0,431.45,-0.0
5,221,0.0,0.0,407.72375375277073,0.0
0,222,-0.0,0.0,404.1032292090738,0.0
1,222,49.0,52.12765957446809,337.03172668856524,1.0
2,222,0.0,0.0,413.6,0.0
3,222,-0.0,0.0,400.8082880877047,0.0
4,222,-0.0,0.0,431.45,0.0
5,222,0.0,0.0,407.72375375277073,0.0
0,223,-0.0,0.0,404.1032292090738,-0.0
1,223,48.99999999999999,52.12765957446808,349.28172668856524,1.0
2,223,0.0,0.0,413.6,0.0
3,223,-0.0,0.0,400.8082880877047,-0.0
4,223,-0.0,0.0,431.45,0.0
5,223,0.0,0.0,407.72375375277073,0.0
0,224,0.0,0.0,404.1032292090738,0.0
1,224,49.0,52.12765957446809,361.5317266885653,1.0
2,224,0.0,0.0,413.6,0.0
3,224,-0.0,0.0,400.8082880877047,0.0
4,224,-0.0,0.0,431.45,-0.0
5,224,0.0,0.0,407.72375375277073,0.0
0,225,0.0,0.0,404.1032292090738,0.0
1,225,49.0,52.12765957446809,373.7817266885653,1.0
2,225,0.0,0.0,413.6,0.0
3,225,-0.0,0.0,400.8082880877047,0.0
4,225,-0.0,0.0,431.45,0.0
5,225,0.0,0.0,407.72375375277073,0.0
0,226,0.0,0.0,404.1032292090738,0.0
1,226,-0.0,0.0,386.0317266885653,0.0
2,226,0.0,0.0,413.6,0.0
3,226,0.0,0.0,400.8082880877047,0.0
4,226,0.0,0.0,431.45,0.0
5,226,0.0,0.0,407.72375375277073,0.0
0,227,0.0,0.0,404.1032292090738,0.0
1,227,-0.0,0.0,386.0317266885653,0.0
2,227,0.0,0.0,413.6,0.0
3,227,0.0,0.0,400.8082880877047,0.0
4,227,0.0,0.0,431.45,0.0
5,227,0.0,0.0,407.72375375277073,0.0
0,228,0.0,0.0,404.1032292090738,0.0
1,228,0.0,0.0,386.0317266885653,0.0
2,228,0.0,0.0,413.6,0.0
3,228,0.0,0.0,400.8082880877047,0.0
4,228,0.0,0.0,431.45,0.0
5,228,0.0,0.0,407.72375375277073,0.0
0,229,0.0,0.0,404.1032292090738,0.0
1,229,0.0,0.0,386.0317266885653,0.0
2,229,0.0,0.0,413.6,0.0
3,229,0.0,0.0,400.8082880877047,0.0
4,229,0.0,0.0,431.45,0.0
5,229,0.0,0.0,407.72375375277073,0.0
0,230,0.0,0.0,404.1032292090738,0.0
1,230,0.0,0.0,386.0317266885653,0.0
2,230,0.0,0.0,413.6,0.0
3,230,0.0,0.0,400.8082880877047,0.0
4,230,0.0,0.0,431.45,0.0
5,230,0.0,0.0,407.72375375277073,0.0
0,231,0.0,0.0,404.1032292090738,0.0
1,231,0.0,0.0,386.0317266885653,0.0
2,231,0.0,0.0,413.6,0.0
3,231,0.0,0.0,400.8082880877047,0.0
4,231,0.0,0.0,431.45,0.0
5,231,0.0,0.0,407.72375375277073,0.0
0,232,0.0,0.0,404.1032292090738,0.0
1,232,0.0,0.0,386.0317266885653,0.0
2,232,0.0,0.0,413.6,0.0
3,232,0.0,0.0,400.8082880877047,0.0
4,232,0.0,0.0,431.45,0.0
5,232,0.0,0.0,407.72375375277073,0.0
0,233,0.0,0.0,404.1032292090738,0.0
1,233,0.0,0.0,386.0317266885653,0.0
2,233,0.0,0.0,413.6,0.0
3,233,0.0,0.0,400.8082880877047,0.0
4,233,0.0,0.0,431.45,0.0
5,233,0.0,0.0,407.72375375277073,0.0
0,234,0.0,0.0,404.1032292090738,0.0
1,234,0.0,0.0,386.0317266885653,0.0
2,234,0.0,0.0,413.6,0.0
3,234,0.0,0.0,400.8082880877047,0.0
4,234,0.0,0.0,431.45,0.0
5,234,0.0,0.0,407.72375375277073,0.0
0,235,0.0,0.0,404.1032292090738,0.0
1,235,0.0,0.0,386.0317266885653,0.0
2,235,0.0,0.0,413.6,0.0
3,235,0.0,0.0,400.8082880877047,0.0
4,235,0.0,0.0,431.45,0.0
5,235,0.0,0.0,407.72375375277073,0.0
0,236,0.0,0.0,404.1032292090738,0.0
1,236,0.0,0.0,386.0317266885653,0.0
2,236,0.0,0.0,413.6,0.0
3,236,0.0,0.0,400.8082880877047,0.0
4,236,0.0,0.0,431.45,0.0
5,236,0.0,0.0,407.72375375277073,0.0
0,237,0.0,0.0,404.1032292090738,0.0
1,237,0.0,0.0,386.0317266885653,0.0
2,237,0.0,0.0,413.6,0.0
3,237,0.0,0.0,400.8082880877047,0.0
4,237,0.0,0.0,431.45,0.0
5,237,0.0,0.0,407.72375375277073,0.0
0,238,0.0,0.0,404.1032292090738,0.0
1,238,0.0,0.0,386.0317266885653,0.0
2,238,0.0,0.0,413.6,0.0
3,238,0.0,0.0,400.8082880877047,0.0
4,238,0.0,0.0,431.45,0.0
5,238,0.0,0.0,407.72375375277073,0.0
0,239,0.0,0.0,404.1032292090738,0.0
1,239,-0.0,0.0,386.0317266885653,0.0
2,239,0.0,0.0,413.6,0.0
3,239,0.0,0.0,400.8082880877047,0.0
4,239,0.0,0.0,431.45,0.0
5,239,0.0,0.0,407.72375375277073,0.0
0,240,0.0,0.0,404.1032292090738,0.0
1,240,0.0,0.0,386.0317266885653,0.0
2,240,0.0,0.0,413.6,0.0
3,240,0.0,0.0,400.8082880877047,0.0
4,240,0.0,0.0,431.45,0.0
5,240,0.0,0.0,407.72375375277073,0.0
0,241,0.0,0.0,404.1032292090738,0.0
1,241,0.0,0.0,386.0317266885653,0.0
2,241,0.0,0.0,413.6,0.0
3,241,0.0,0.0,400.8082880877047,0.0
4,241,0.0,0.0,431.45,0.0
5,241,0.0,0.0,407.72375375277073,0.0
0,242,0.0,0.0,404.1032292090738,0.0
1,242,0.0,0.0,386.0317266885653,0.0
2,242,0.0,0.0,413.6,0.0
3,242,0.0,0.0,400.8082880877047,0.0
4,242,0.0,0.0,431.45,0.0
5,242,0.0,0.0,407.72375375277073,0.0
0,243,0.0,0.0,404.1032292090738,0.0
1,243,0.0,0.0,386.0317266885653,0.0
2,243,0.0,0.0,413.6,0.0
3,243,0.0,0.0,400.8082880877047,0.0
4,243,0.0,0.0,431.45,0.0
5,243,0.0,0.0,407.72375375277073,0.0
0,244,0.0,0.0,404.1032292090738,0.0
1,244,0.0,0.0,386.0317266885653,0.0
2,244,0.0,0.0,413.6,0.0
3,244,0.0,0.0,400.8082880877047,0.0
4,244,0.0,0.0,431.45,0.0
5,244,0.0,0.0,407.72375375277073,0.0
0,245,0.0,0.0,404.1032292090738,0.0
1,245,0.0,0.0,386.0317266885653,0.0
2,245,0.0,0.0,413.6,0.0
3,245,0.0,0.0,400.8082880877047,0.0
4,245,0.0,0.0,431.45,0.0
5,245,0.0,0.0,407.72375375277073,0.0
0,246,0.0,0.0,404.1032292090738,0.0
1,246,0.0,0.0,386.0317266885653,0.0
2,246,0.0,0.0,413.6,0.0
3,246,0.0,0.0,400.8082880877047,0.0
4,246,0.0,0.0,170.9685221194295,0.0
5,246,0.0,0.0,407.7237537527707,0.0
0,247,0.0,0.0,404.1032292090738,0.0
1,247,0.0,0.0,386.0317266885653,0.0
2,247,0.0,0.0,413.6,0.0
3,247,0.0,0.0,400.8082880877047,0.0
4,247,0.0,0.0,170.9685221194295,0.0
5,247,0.0,0.0,407.7237537527707,0.0
0,248,0.0,0.0,404.1032292090738,0.0
1,248,0.0,0.0,386.0317266885653,0.0
2,248,0.0,0.0,413.6,0.0
3,248,0.0,0.0,400.8082880877047,0.0
4,248,0.0,0.0,170.9685221194295,0.0
5,248,0.0,0.0,407.7237537527707,0.0
0,249,0.0,0.0,404.1032292090738,0.0
1,249,0.0,0.0,386.0317266885653,0.0
2,249,0.0,0.0,413.6,0.0
3,249,0.0,0.0,400.8082880877047,0.0
4,249,0.0,0.0,170.9685221194295,0.0
5,249,0.0,0.0,153.164480142456,0.0
0,250,0.0,0.0,404.1032292090738,0.0
1,250,0.0,0.0,386.0317266885653,0.0
2,250,0.0,0.0,413.6,0.0
3,250,0.0,0.0,400.8082880877047,0.0
4,250,0.0,0.0,170.9685221194295,0.0
5,250,0.0,0.0,153.164480142456,0.0
0,251,0.0,0.0,404.1032292090738,0.0
1,251,0.0,0.0,386.0317266885653,0.0
2,251,0.0,0.0,413.6,0.0
3,251,0.0,0.0,400.8082880877047,0.0
4,251,0.0,0.0,170.9685221194295,0.0
5,251,0.0,0.0,153.164480142456,0.0
0,252,0.0,0.0,88.0,0.0
1,252,0.0,0.0,386.0317266885653,0.0
2,252,0.0,0.0,413.6,0.0
3,252,0.0,0.0,400.8082880877047,0.0
4,252,0.0,0.0,170.9685221194295,0.0
5,252,0.0,0.0,153.164480142456,0.0
0,253,0.0,0.0,88.0,0.0
1,253,0.0,0.0,386.0317266885653,0.0
2,253,0.0,0.0,413.6,0.0
3,253,0.0,0.0,400.8082880877047,0.0
4,253,0.0,0.0,170.9685221194295,0.0
5,253,0.0,0.0,153.164480142456,0.0
0,254,0.0,0.0,88.0,0.0
1,254,0.0,0.0,386.0317266885653,0.0
2,254,0.0,0.0,413.6,0.0
3,254,0.0,0.0,400.8082880877047,0.0
4,254,0.0,0.0,170.9685221194295,0.0
5,254,0.0,0.0,153.164480142456,0.0
0,255,0.0,0.0,88.0,0.0
1,255,0.0,0.0,386.0317266885653,0.0
2,255,0.0,0.0,413.6,0.0
3,255,0.0,0.0,146.60471460884085,0.0
4,255,0.0,0.0,170.9685221194295,0.0
5,255,0.0,0.0,153.164480142456,0.0
0,256,0.0,0.0,88.0,0.0
1,256,0.0,0.0,386.0317266885653,0.0
2,256,0.0,0.0,413.6,0.0
3,256,0.0,0.0,146.60471460884085,0.0
4,256,0.0,0.0,170.9685221194295,0.0
5,256,0.0,0.0,153.164480142456,0.0
0,257,0.0,0.0,88.0,0.0
1,257,0.0,0.0,386.0317266885653,0.0
2,257,0.0,0.0,413.6,0.0
3,257,0.0,0.0,146.60471460884085,0.0
4,257,0.0,0.0,170.9685221194295,0.0
5,257,0.0,0.0,153.164480142456,0.0
0,258,0.0,0.0,88.0,0.0
1,258,0.0,0.0,386.0317266885653,0.0
2,258,0.0,0.0,413.6,0.0
3,258,0.0,0.0,146.60471460884085,0.0
4,258,0.0,0.0,170.9685221194295,0.0
5,258,0.0,0.0,153.164480142456,0.0
0,259,0.0,0.0,88.0,0.0
1,259,0.0,0.0,386.0317266885653,0.0
2,259,0.0,0.0,413.6,0.0
3,259,0.0,0.0,146.60471460884085,0.0
4,259,0.0,0.0,170.9685221194295,0.0
5,259,0.0,0.0,153.164480142456,0.0
0,260,0.0,0.0,88.0,0.0
1,260,0.0,0.0,386.0317266885653,0.0
2,260,0.0,0.0,413.6,0.0
3,260,0.0,0.0,146.60471460884085,0.0
4,260,0.0,0.0,170.9685221194295,0.0
5,260,0.0,0.0,153.164480142456,0.0
0,261,0.0,0.0,88.0,0.0
1,261,0.0,0.0,139.61885843536305,0.0
2,261,0.0,0.0,413.6,0.0
3,261,0.0,0.0,146.60471460884085,0.0
4,261,0.0,0.0,170.9685221194295,0.0
5,261,0.0,0.0,153.164480142456,0.0
0,262,0.0,0.0,88.0,0.0
1,262,0.0,0.0,139.61885843536305,0.0
2,262,0.0,0.0,413.6,0.0
3,262,0.0,0.0,146.60471460884085,0.0
4,262,0.0,0.0,170.9685221194295,0.0
5,262,0.0,0.0,153.164480142456,0.0
0,263,0.0,0.0,88.0,0.0
1,263,0.0,0.0,139.61885843536305,0.0
2,263,0.0,0.0,413.6,0.0
3,263,0.0,0.0,146.60471460884085,0.0
4,263,0.0,0.0,170.9685221194295,0.0
5,263,0.0,0.0,153.164480142456,0.0
0,264,0.0,0.0,88.0,0.0
1,264,0.0,0.0,139.61885843536305,0.0
2,264,0.0,0.0,413.6,0.0
3,264,0.0,0.0,146.60471460884085,0.0
4,264,0.0,0.0,170.9685221194295,0.0
5,264,48.99999999999998,52.12765957446806,153.164480142456,0.9999999999999996
0,265,0.0,0.0,88.0,0.0
1,265,0.0,0.0,139.61885843536305,0.0
2,265,0.0,0.0,413.6,-0.0
3,265,0.0,0.0,146.60471460884085,0.0
4,265,0.0,0.0,170.9685221194295,0.0
5,265,48.99999999999998,52.12765957446806,165.414480142456,0.9999999999999996
0,266,0.0,0.0,88.0,0.0
1,266,0.0,0.0,139.61885843536305,0.0
2,266,0.0,0.0,413.6,-0.0
3,266,0.0,0.0,146.60471460884085,0.0
4,266,0.0,0.0,170.9685221194295,0.0
5,266,48.99999999999998,52.12765957446806,177.664480142456,0.9999999999999996
0,267,0.0,0.0,88.0,0.0
1,267,0.0,0.0,139.61885843536308,0.0
2,267,0.0,0.0,413.6,0.0
3,267,0.0,0.0,146.6047146088408,0.0
4,267,0.0,0.0,170.9685221194295,0.0
5,267,48.99999999999998,52.12765957446806,189.914480142456,0.9999999999999996
0,268,49.0,52.12765957446809,88.0,1.0
1,268,0.0,0.0,139.61885843536308,0.0
2,268,0.0,0.0,413.6,-0.0
3,268,0.0,0.0,146.6047146088408,0.0
4,268,0.0,0.0,170.9685221194295,0.0
5,268,48.99999999999998,52.12765957446806,202.164480142456,0.9999999999999996
0,269,49.0,52.12765957446809,100.25,1.0
1,269,0.0,0.0,139.61885843536308,0.0
2,269,0.0,0.0,413.6,-0.0
3,269,0.0,0.0,146.6047146088408,0.0
4,269,0.0,0.0,170.9685221194295,0.0
5,269,48.999999999999986,52.12765957446808,214.41448014245597,0.9999999999999996
0,270,49.0,52.12765957446809,112.5,1.0
1,270,0.0,0.0,139.61885843536308,0.0
2,270,0.0,0.0,413.6,-0.0
3,270,0.0,0.0,146.6047146088408,0.0
4,270,0.0,0.0,170.9685221194295,0.0
5,270,48.99999999999998,52.12765957446806,226.66448014245597,0.9999999999999996
0,271,49.0,52.12765957446809,124.75,1.0
1,271,0.0,0.0,139.61885843536308,0.0
2,271,0.0,0.0,413.6,-0.0
3,271,0.0,0.0,146.6047146088408,0.0
4,271,0.0,0.0,170.9685221194295,0.0
5,271,48.99999999999998,52.12765957446806,238.91448014245597,0.9999999999999996
0,272,49.0,52.12765957446809,137.0,1.0
1,272,0.0,0.0,139.61885843536308,0.0
2,272,0.0,0.0,413.6,-0.0
3,272,0.0,0.0,146.6047146088408,0.0
4,272,0.0,0.0,170.9685221194295,0.0
5,272,49.00000000000015,52.12765957446825,251.16448014245597,1.000000000000003
0,273,49.0,52.12765957446809,149.25,1.0
1,273,0.0,0.0,139.61885843536308,0.0
2,273,0.0,0.0,413.6,4.640279090678206e-16
3,273,0.0,0.0,146.6047146088408,0.0
4,273,0.0,0.0,170.9685221194295,0.0
5,273,49.0,52.12765957446809,263.414480142456,1.0
0,274,49.0,52.12765957446809,161.5,1.0
1,274,0.0,0.0,139.61885843536308,0.0
2,274,0.0,0.0,413.6,-0.0
3,274,0.0,0.0,146.60471460884077,0.0
4,274,0.0,0.0,170.9685221194295,0.0
5,274,49.0,52.12765957446809,275.664480142456,1.0
0,275,49.0,52.12765957446809,173.75,1.0
1,275,0.0,0.0,139.61885843536308,0.0
2,275,0.0,0.0,413.6,-0.0
3,275,49.0,52.12765957446809,146.60471460884077,1.0
4,275,0.0,0.0,170.9685221194295,0.0
5,275,4.790570782318427,5.096351896083433,287.914480142456,1.0
0,276,49.0,52.12765957446809,186.0,1.0
1,276,0.0,0.0,139.61885843536308,0.0
2,276,0.0,0.0,413.6,-0.0
3,276,4.790570782318427,5.096351896083433,158.85471460884077,1.0
4,276,0.0,0.0,170.9685221194295,0.0
5,276,49.0,52.12765957446809,289.1121228380356,1.0
0,277,49.0,52.12765957446809,198.25,1.0
1,277,0.0,0.0,139.61885843536308,0.0
2,277,0.0,0.0,413.6,-0.0
3,277,4.790570782318428,5.0963518960834335,160.05235730442038,1.0
4,277,0.0,0.0,170.9685221194295,0.0
5,277,49.0,52.12765957446809,301.3621228380356,1.0
0,278,49.0,52.12765957446809,210.5,1.0
1,278,0.0,0.0,139.61885843536308,0.0
2,278,0.0,0.0,413.6,-0.0
3,278,49.0,52.12765957446809,161.25,1.0
4,278,-0.0,0.0,170.9685221194295,0.0
5,278,4.790570782318428,5.0963518960834335,313.6121228380356,1.0
0,279,0.0,0.0,222.75,1.0
1,279,0.0,0.0,139.61885843536308,0.0
2,279,0.0,0.0,413.6,-0.0
3,279,49.0,52.12765957446809,173.5,1.0
4,279,12.925911522281922,13.750969704555237,170.9685221194295,1.0
5,279,40.86465926003651,43.47304176599629,314.8097655336152,1.0
0,280,0.0,0.0,222.75,1.0
1,280,0.0,0.0,139.61885843536308,0.0
2,280,0.0,0.0,413.6,0.0
3,280,49.0,52.12765957446809,185.75,1.0
4,280,49.0,52.12765957446809,174.2,1.0
5,280,4.790570782318428,5.0963518960834335,325.02593034862434,1.0
0,281,49.0,52.12765957446809,222.75,1.0
1,281,0.0,0.0,139.61885843536308,0.0
2,281,0.0,0.0,413.6,-0.0
3,281,0.0,0.0,198.0,0.0
4,281,49.0,52.12765957446809,186.45,1.0
5,281,4.790570782318427,5.096351896083433,326.22357304420393,1.0
0,282,49.0,52.12765957446809,235.0,1.0
1,282,0.0,0.0,139.61885843536308,-0.0
2,282,0.0,0.0,413.6,-0.0
3,282,0.0,0.0,198.0,0.0
4,282,49.0,52.12765957446809,198.7,1.0
5,282,4.790570782318428,5.0963518960834335,327.4212157397836,1.0
0,283,4.790570782318428,5.0963518960834335,247.25,1.0
1,283,-0.0,0.0,139.61885843536308,0.0
2,283,0.0,0.0,413.6,-0.0
3,283,0.0,0.0,198.0,0.0
4,283,49.0,52.12765957446809,210.95,1.0
5,283,49.0,52.12765957446809,328.61885843536317,1.0
0,284,49.0,52.12765957446809,248.4476426955796,1.0
1,284,0.0,0.0,139.61885843536308,-0.0
2,284,0.0,0.0,413.6,-0.0
3,284,0.0,0.0,198.0,0.0
4,284,49.0,52.12765957446809,223.2,1.0
5,284,4.790570782318428,5.0963518960834335,340.86885843536317,1.0
0,285,4.790570782318428,5.0963518960834335,260.6976426955796,1.0
1,285,49.0,52.12765957446809,139.61885843536308,1.0
2,285,0.0,0.0,413.6,-0.0
3,285,0.0,0.0,198.0,0.0
4,285,49.0,52.12765957446809,235.45,1.0
5,285,0.0,0.0,342.06650113094275,1.0
0,286,49.0,52.12765957446809,261.89528539115923,1.0
1,286,0.0,0.0,151.86885843536308,1.0
2,286,0.0,0.0,413.6,-0.0
3,286,-0.0,0.0,198.0,-0.0
4,286,49.0,52.12765957446809,247.7,1.0
5,286,4.790570782318427,5.096351896083433,342.06650113094275,1.0
0,287,4.790570782318428,5.0963518960834335,274.14528539115923,1.0
1,287,49.0,52.12765957446809,151.86885843536308,1.0
2,287,0.0,0.0,413.6,-0.0
3,287,-0.0,0.0,198.0,0.0
4,287,49.0,52.12765957446809,259.95,1.0
5,287,0.0,0.0,343.2641438265224,1.0
0,288,0.0,0.0,275.3429280867388,1.0
1,288,4.790570782318428,5.0963518960834335,164.11885843536305,1.0
2,288,0.0,0.0,413.6,-0.0
3,288,0.0,0.0,198.0,0.0
4,288,49.0,52.12765957446809,272.2,1.0
5,288,48.99999999999999,52.12765957446808,343.2641438265224,1.0
0,289,33.45657530608921,35.59210138945661,275.3429280867388,1.0
1,289,20.333995476229212,21.631910081094908,165.31650113094267,1.0
2,289,0.0,0.0,413.6,-0.0
3,289,0.0,0.0,198.0,0.0
4,289,49.0,52.12765957446809,284.45,1.0
5,289,0.0,0.0,355.5141438265224,1.0
0,290,49.0,52.12765957446809,283.70707191326113,1.0
1,290,0.0,0.0,170.39999999999998,1.0
2,290,0.0,0.0,413.6,0.0
3,290,0.0,0.0,198.0,0.0
4,290,49.0,52.12765957446809,296.7,1.0
5,290,4.790570782318428,5.0963518960834335,355.5141438265224,1.0000000000000004
0,291,4.790570782318428,5.0963518960834335,295.95707191326113,1.0
1,291,49.0,52.12765957446809,170.39999999999998,1.0
2,291,0.0,0.0,413.6,-0.0
3,291,0.0,0.0,198.0,0.0
4,291,49.0,52.12765957446809,308.95,1.0
5,291,0.0,0.0,356.71178652210205,1.0000000000000004
0,292,49.0,52.12765957446809,297.1547146088407,1.0
1,292,49.0,52.12765957446809,182.65,1.0
2,292,0.0,0.0,413.6,-0.0
3,292,-0.0,0.0,198.0,0.0
4,292,0.0,0.0,321.2,0.0
5,292,4.790570782318428,5.0963518960834335,356.71178652210205,1.0000000000000004
0,293,49.0,52.12765957446809,309.4047146088407,1.0
1,293,49.0,52.12765957446809,194.9,1.0
2,293,0.0,0.0,413.6,-0.0
3,293,-0.0,0.0,198.0,-0.0
4,293,0.0,0.0,321.2,0.0
5,293,4.790570782318428,5.0963518960834335,357.90942921768163,1.0000000000000004
0,294,49.0,52.12765957446809,321.6547146088407,1.0
1,294,49.0,52.12765957446809,207.15,1.0
2,294,0.0,0.0,413.6,-0.0
3,294,-0.0,0.0,198.0,-0.0
4,294,0.0,0.0,321.2,0.0
5,294,4.790570782318428,5.0963518960834335,359.1070719132613,1.0000000000000004
0,295,49.0,52.12765957446809,333.9047146088407,1.0
1,295,49.0,52.12765957446809,219.4,1.0
2,295,0.0,0.0,413.6,-0.0
3,295,-0.0,0.0,198.0,0.0
4,295,0.0,0.0,321.2,0.0
5,295,4.790570782318428,5.0963518960834335,360.30471460884087,1.0000000000000004
0,296,4.790570782318428,5.0963518960834335,346.1547146088407,1.0
1,296,49.0,52.12765957446809,231.65,1.0
2,296,0.0,0.0,413.6,0.0
3,296,-0.0,0.0,198.0,0.0
4,296,0.0,0.0,321.2,0.0
5,296,49.0,52.12765957446809,361.50235730442046,1.0000000000000004
0,297,49.0,52.12765957446809,347.35235730442037,1.0
1,297,49.0,52.12765957446809,243.9,1.0
2,297,0.0,0.0,413.6,-0.0
3,297,-0.0,0.0,198.0,-0.0
4,297,0.0,0.0,321.2,0.0
5,297,4.790570782318428,5.0963518960834335,373.75235730442046,1.0000000000000004
0,298,4.790570782318428,5.0963518960834335,359.60235730442037,1.0
1,298,49.0,52.12765957446809,256.15,1.0
2,298,0.0,0.0,413.6,-0.0
3,298,0.0,0.0,198.0,0.0
4,298,0.0,0.0,321.2,0.0
5,298,49.0,52.12765957446809,374.95,1.0
0,299,0.0,0.0,360.7999999999999,0.0
1,299,0.0,0.0,268.4,0.0
2,299,0.0,0.0,413.6,-0.0
3,299,0.0,0.0,198.0,0.0
4,299,0.0,0.0,321.2,0.0
5,299,0.0,0.0,387.2,1.0
